--> PEOPLE
insert into People (id,  commitment,  email,  first_name,  last_name,  phone,  PREFERRED_CONTACT_METHOD, username, password) values ('689bd1d6-dcd4-4934-9018-da45964c851b', 'Chair', 'mmoules0@samsung.com', 'Monica', 'Moules', '17604736713', 'Text', 'myUsername1', '$2a$12$lquUcgJRNvbrPWYPPp8rJ.91Bk8QFh.fGGeVZ5pb49cZTi.GHrJdy');
insert into People (id,  commitment,  email,  first_name,  last_name,  phone,  PREFERRED_CONTACT_METHOD, username, password) values ('29c29a4f-05e9-4c01-93e0-b8ac36165d40', 'Co-Chair', 'nlarcher1@acquirethisname.com', 'Normy', 'Larcher', '17604736713', 'Text', 'myUsername2', '$2a$12$lquUcgJRNvbrPWYPPp8rJ.91Bk8QFh.fGGeVZ5pb49cZTi.GHrJdy');
insert into People (id,  commitment,  email,  first_name,  last_name,  phone,  PREFERRED_CONTACT_METHOD, username, password) values ('39f72b1b-363d-48a0-a0e5-d8f215a84d6b', 'Librarian', 'mlansdowne2@360.cn', 'Mallory', 'Lansdowne', '17604736713', 'Text', 'myUsername3', '$2a$12$lquUcgJRNvbrPWYPPp8rJ.91Bk8QFh.fGGeVZ5pb49cZTi.GHrJdy');
insert into People (id,  commitment,  email,  first_name,  last_name,  phone,  PREFERRED_CONTACT_METHOD, username, password) values ('83d64220-59ff-4e26-94f0-c37a09f92f77', 'Technology', 'mbelly3@vinaora.com', 'Miranda', 'Belly', '17604736713', 'Text', 'myUsername4', '$2a$12$lquUcgJRNvbrPWYPPp8rJ.91Bk8QFh.fGGeVZ5pb49cZTi.GHrJdy');
insert into People (id,  commitment,  email,  first_name,  last_name,  phone,  PREFERRED_CONTACT_METHOD, username, password) values ('8c70452c-99bf-4a80-b308-f87c50d92885', 'Treasurer', 'htraske4@meetup.com', 'Hillier', 'Traske', '17604736713', 'Text', 'myUsername5', '$2a$12$lquUcgJRNvbrPWYPPp8rJ.91Bk8QFh.fGGeVZ5pb49cZTi.GHrJdy');
insert into People (id,  commitment,  email,  first_name,  last_name,  phone,  PREFERRED_CONTACT_METHOD, username, password) values ('5ded608b-4f5f-4f12-830b-d604c7709d0a', 'Facilities', 'mfrane5@weibo.com', 'Madelin', 'Frane', '17604736713', 'Text', 'myUsername6', '$2a$12$lquUcgJRNvbrPWYPPp8rJ.91Bk8QFh.fGGeVZ5pb49cZTi.GHrJdy');
insert into People (id,  commitment,  email,  first_name,  last_name,  phone,  PREFERRED_CONTACT_METHOD, username, password) values ('9e7889f3-a9e5-4513-a42d-aed07a797f4e', '', 'asink6@patch.com', 'Alfi', 'Sink', '17604736713', 'Text', 'myUsername7', '$2a$12$lquUcgJRNvbrPWYPPp8rJ.91Bk8QFh.fGGeVZ5pb49cZTi.GHrJdy');
insert into People (id,  commitment,  email,  first_name,  last_name,  phone,  PREFERRED_CONTACT_METHOD, username, password) values ('0afe417d-c743-4b8f-a1ac-33f35526e405', '', 'rbishop7@walmart.com', 'Ruggiero', 'Bishop', '17604736713', 'Text', 'myUsername8', '$2a$12$lquUcgJRNvbrPWYPPp8rJ.91Bk8QFh.fGGeVZ5pb49cZTi.GHrJdy');
insert into People (id,  commitment,  email,  first_name,  last_name,  phone,  PREFERRED_CONTACT_METHOD, username, password) values ('7b951605-2f9a-45d8-a7d8-4506bfb522b6', '', 'esmitherman8@constantcontact.com', 'Emera', 'Smitherman', '17604736713', 'Text', 'myUsername9', '$2a$12$lquUcgJRNvbrPWYPPp8rJ.91Bk8QFh.fGGeVZ5pb49cZTi.GHrJdy');
insert into People (id,  commitment,  email,  first_name,  last_name,  phone,  PREFERRED_CONTACT_METHOD, username, password) values ('bdd67249-7b6e-4b94-b9a8-27f12c00bef7', '', 'bbascombe9@ihg.com', 'Borg', 'Bascombe', '17604736713', 'Text', 'myUsername10', '$2a$12$lquUcgJRNvbrPWYPPp8rJ.91Bk8QFh.fGGeVZ5pb49cZTi.GHrJdy');
insert into People (id,  commitment,  email,  first_name,  last_name,  phone,  PREFERRED_CONTACT_METHOD, username, password) values ('e58bb714-250a-4275-a92b-3efa5d30f8f0', '', 'dsetchella@squarespace.com', 'Dolly', 'Setchell', '17604736713', 'Text', 'myUsername11', '$2a$12$lquUcgJRNvbrPWYPPp8rJ.91Bk8QFh.fGGeVZ5pb49cZTi.GHrJdy');
insert into People (id,  commitment,  email,  first_name,  last_name,  phone,  PREFERRED_CONTACT_METHOD, username, password) values ('5795c665-1c33-450f-b59a-c75b89ebb8fa', '', 'dfranceyb@desdev.cn', 'Dianemarie', 'Francey', '17604736713', 'Text', 'myUsername12', '$2a$12$lquUcgJRNvbrPWYPPp8rJ.91Bk8QFh.fGGeVZ5pb49cZTi.GHrJdy');
insert into People (id,  commitment,  email,  first_name,  last_name,  phone,  PREFERRED_CONTACT_METHOD, username, password) values ('dfaabdf1-707e-4562-b88a-b6a96a132b53', '', 'sglenniec@ycombinator.com', 'Stacey', 'Glennie', '17604736713', 'Text', 'myUsername13', '$2a$12$lquUcgJRNvbrPWYPPp8rJ.91Bk8QFh.fGGeVZ5pb49cZTi.GHrJdy');
insert into People (id,  commitment,  email,  first_name,  last_name,  phone,  PREFERRED_CONTACT_METHOD, username, password) values ('cad367a2-d6f6-45e1-9bd7-dfdb1dc7875f', '', 'scorradod@rakuten.co.jp', 'Syd', 'Corrado', '17604736713', 'Text', 'myUsername14', '$2a$12$lquUcgJRNvbrPWYPPp8rJ.91Bk8QFh.fGGeVZ5pb49cZTi.GHrJdy');
insert into People (id,  commitment,  email,  first_name,  last_name,  phone,  PREFERRED_CONTACT_METHOD, username, password) values ('33f0c56f-1835-4c13-b88a-54d4d21fae36', '', 'crottchere@joomla.org', 'Claresta', 'Rottcher', '17604736713', 'Text', 'myUsername15', '$2a$12$lquUcgJRNvbrPWYPPp8rJ.91Bk8QFh.fGGeVZ5pb49cZTi.GHrJdy');
insert into People (id,  commitment,  email,  first_name,  last_name,  phone,  PREFERRED_CONTACT_METHOD, username, password) values ('0b4c9c69-343f-445e-b59e-ee09a051eaa4', '', 'rbruinemannf@guardian.co.uk', 'Rafaelia', 'Bruinemann', '17604736713', 'Text', 'myUsername16', '$2a$12$lquUcgJRNvbrPWYPPp8rJ.91Bk8QFh.fGGeVZ5pb49cZTi.GHrJdy');
insert into People (id,  commitment,  email,  first_name,  last_name,  phone,  PREFERRED_CONTACT_METHOD, username, password) values ('065bf38f-2eaa-4ce4-9f62-cddab22fbb4a', '', 'ggahagang@51.la', 'Grady', 'Gahagan', '17604736713', 'Text', 'myUsername17', '$2a$12$lquUcgJRNvbrPWYPPp8rJ.91Bk8QFh.fGGeVZ5pb49cZTi.GHrJdy');
insert into People (id,  commitment,  email,  first_name,  last_name,  phone,  PREFERRED_CONTACT_METHOD, username, password) values ('e00b2d38-183b-4b5c-9621-24617dc1fcdc', '', 'kboswardh@geocities.com', 'Kaitlyn', 'Bosward', '17604736713', 'Text', 'myUsername18', '$2a$12$lquUcgJRNvbrPWYPPp8rJ.91Bk8QFh.fGGeVZ5pb49cZTi.GHrJdy');
insert into People (id,  commitment,  email,  first_name,  last_name,  phone,  PREFERRED_CONTACT_METHOD, username, password) values ('d5427cab-0c46-422e-b4f6-51e6c0ee4622', '', 'mfrisdicki@tinypic.com', 'Melisse', 'Frisdick', '17604736713', 'Text', 'myUsername19', '$2a$12$lquUcgJRNvbrPWYPPp8rJ.91Bk8QFh.fGGeVZ5pb49cZTi.GHrJdy');
insert into People (id,  commitment,  email,  first_name,  last_name,  phone,  PREFERRED_CONTACT_METHOD, username, password) values ('dbac3510-1efb-42bd-b85e-03ed1cd86899', '', 'edonaldj@nature.com', 'Edie', 'Donald', '17604736713', 'Text', 'myUsername20', '$2a$12$lquUcgJRNvbrPWYPPp8rJ.91Bk8QFh.fGGeVZ5pb49cZTi.GHrJdy');
insert into People (id,  commitment,  email,  first_name,  last_name,  phone,  PREFERRED_CONTACT_METHOD, username, password) values ('13ae7d3c-903e-4123-a5fa-553adf6adfcf', '', 'klunnyk@va.gov', 'Krystalle', 'Lunny', '17604736713', 'Text', 'myUsername21', '$2a$12$lquUcgJRNvbrPWYPPp8rJ.91Bk8QFh.fGGeVZ5pb49cZTi.GHrJdy');
insert into People (id,  commitment,  email,  first_name,  last_name,  phone,  PREFERRED_CONTACT_METHOD, username, password) values ('921f3590-9d63-4211-916b-6ca97eb16aad', '', 'ktubblesl@nymag.com', 'Kyrstin', 'Tubbles', '17604736713', 'Text', 'myUsername22', '$2a$12$lquUcgJRNvbrPWYPPp8rJ.91Bk8QFh.fGGeVZ5pb49cZTi.GHrJdy');
insert into People (id,  commitment,  email,  first_name,  last_name,  phone,  PREFERRED_CONTACT_METHOD, username, password) values ('def63c6b-30ec-46a5-bec4-f2395e5e0e9a', '', 'ebasindalem@github.com', 'Elysee', 'Basindale', '17604736713', 'Text', 'myUsername23', '$2a$12$lquUcgJRNvbrPWYPPp8rJ.91Bk8QFh.fGGeVZ5pb49cZTi.GHrJdy');
insert into People (id,  commitment,  email,  first_name,  last_name,  phone,  PREFERRED_CONTACT_METHOD, username, password) values ('ff6e81b2-02e9-4f4a-b979-4df47e5694e4', '', 'mcoathamn@ameblo.jp', 'Maureen', 'Coatham', '17604736713', 'Text', 'myUsername24', '$2a$12$lquUcgJRNvbrPWYPPp8rJ.91Bk8QFh.fGGeVZ5pb49cZTi.GHrJdy');
insert into People (id,  commitment,  email,  first_name,  last_name,  phone,  PREFERRED_CONTACT_METHOD, username, password) values ('28c27635-e261-4c7a-9dcc-23c46a3087bd', '', 'rgudyero@prnewswire.com', 'Rania', 'Gudyer', '17604736713', 'Text', 'myUsername25', '$2a$12$lquUcgJRNvbrPWYPPp8rJ.91Bk8QFh.fGGeVZ5pb49cZTi.GHrJdy');
insert into People (id,  commitment,  email,  first_name,  last_name,  phone,  PREFERRED_CONTACT_METHOD, username, password) values ('0fd468eb-3be7-4e16-bd7a-c52878b7a0f5', '', 'csewterp@joomla.org', 'Cad', 'Sewter', '17604736713', 'Text', 'myUsername26', '$2a$12$lquUcgJRNvbrPWYPPp8rJ.91Bk8QFh.fGGeVZ5pb49cZTi.GHrJdy');
insert into People (id,  commitment,  email,  first_name,  last_name,  phone,  PREFERRED_CONTACT_METHOD, username, password) values ('fa694b7f-a6c6-4d04-a620-d9f0530cdeab', '', 'mfellgettq@miitbeian.gov.cn', 'Marquita', 'Fellgett', '17604736713', 'Text', 'myUsername27', '$2a$12$lquUcgJRNvbrPWYPPp8rJ.91Bk8QFh.fGGeVZ5pb49cZTi.GHrJdy');
insert into People (id,  commitment,  email,  first_name,  last_name,  phone,  PREFERRED_CONTACT_METHOD, username, password) values ('b08341ca-3e35-4790-a4d3-015d8da7694a', '', 'epolonr@prlog.org', 'Ellsworth', 'Polon', '17604736713', 'Text', 'myUsername28', '$2a$12$lquUcgJRNvbrPWYPPp8rJ.91Bk8QFh.fGGeVZ5pb49cZTi.GHrJdy');
insert into People (id,  commitment,  email,  first_name,  last_name,  phone,  PREFERRED_CONTACT_METHOD, username, password) values ('c02cb481-f4fb-4d80-843d-eebf861194e5', '', 'ebushbys@storify.com', 'Eben', 'Bushby', '17604736713', 'Text', 'myUsername29', '$2a$12$lquUcgJRNvbrPWYPPp8rJ.91Bk8QFh.fGGeVZ5pb49cZTi.GHrJdy');
insert into People (id,  commitment,  email,  first_name,  last_name,  phone,  PREFERRED_CONTACT_METHOD, username, password) values ('dfc6684e-8bd6-4927-b7be-4b1c4d7de71d', '', 'cjumelt@tinyumrl.com', 'Constance', 'Jumel', '17604736713', 'Text', 'myUsername30', '$2a$12$lquUcgJRNvbrPWYPPp8rJ.91Bk8QFh.fGGeVZ5pb49cZTi.GHrJdy');
insert into People (id,  commitment,  email,  first_name,  last_name,  phone,  PREFERRED_CONTACT_METHOD, username, password) values ('43174708-5bbd-4f48-8397-30b3f16e95ef', '', 'adeguerreu@cbc.ca', 'Antonietta', 'de Guerre', '17604736713', 'Text', 'myUsername31', '$2a$12$lquUcgJRNvbrPWYPPp8rJ.91Bk8QFh.fGGeVZ5pb49cZTi.GHrJdy');
insert into People (id,  commitment,  email,  first_name,  last_name,  phone,  PREFERRED_CONTACT_METHOD, username, password) values ('d7465a0c-2c71-4717-a7d2-52e40368187b', '', 'hgheerhaertv@github.com', 'Hilliary', 'Gheerhaert', '17604736713', 'Text', 'myUsername32', '$2a$12$lquUcgJRNvbrPWYPPp8rJ.91Bk8QFh.fGGeVZ5pb49cZTi.GHrJdy');
insert into People (id,  commitment,  email,  first_name,  last_name,  phone,  PREFERRED_CONTACT_METHOD, username, password) values ('ce790171-91d9-4094-a33c-aea75fcbcf72', '', 'bsuscensw@nhs.uk', 'Brina', 'Suscens', '17604736713', 'Text', 'myUsername33', '$2a$12$lquUcgJRNvbrPWYPPp8rJ.91Bk8QFh.fGGeVZ5pb49cZTi.GHrJdy');
insert into People (id,  commitment,  email,  first_name,  last_name,  phone,  PREFERRED_CONTACT_METHOD, username, password) values ('18367563-1cfd-4542-8a7f-f585718b4391', '', 'lchretienx@github.io', 'Lanny', 'Chretien', '17604736713', 'Text', 'myUsername34', '$2a$12$lquUcgJRNvbrPWYPPp8rJ.91Bk8QFh.fGGeVZ5pb49cZTi.GHrJdy');
insert into People (id,  commitment,  email,  first_name,  last_name,  phone,  PREFERRED_CONTACT_METHOD, username, password) values ('d72c9357-6237-465b-ab17-6ef670c59b96', '', 'fmalkiny@usa.gov', 'Felicio', 'Malkin', '17604736713', 'Text', 'myUsername35', '$2a$12$lquUcgJRNvbrPWYPPp8rJ.91Bk8QFh.fGGeVZ5pb49cZTi.GHrJdy');
insert into People (id,  commitment,  email,  first_name,  last_name,  phone,  PREFERRED_CONTACT_METHOD, username, password) values ('4cb307b9-1a26-44d6-a5a6-6903bf8f973e', '', 'ustollenz@dagondesign.com', 'Uta', 'Stollen', '17604736713', 'Text', 'myUsername36', '$2a$12$lquUcgJRNvbrPWYPPp8rJ.91Bk8QFh.fGGeVZ5pb49cZTi.GHrJdy');
insert into People (id,  commitment,  email,  first_name,  last_name,  phone,  PREFERRED_CONTACT_METHOD, username, password) values ('1e0c0d99-ae14-4c85-8c46-f9a357fcb33b', '', 'mhedau10@dyndns.org', 'Merlina', 'Hedau', '17604736713', 'Text', 'myUsername37', '$2a$12$lquUcgJRNvbrPWYPPp8rJ.91Bk8QFh.fGGeVZ5pb49cZTi.GHrJdy');
insert into People (id,  commitment,  email,  first_name,  last_name,  phone,  PREFERRED_CONTACT_METHOD, username, password) values ('07658a0f-4173-4841-91f7-7863dd7ac35d', '', 'rhassin11@nationalgeographic.com', 'Rice', 'Hassin', '17604736713', 'Text', 'myUsername38', '$2a$12$lquUcgJRNvbrPWYPPp8rJ.91Bk8QFh.fGGeVZ5pb49cZTi.GHrJdy');
insert into People (id,  commitment,  email,  first_name,  last_name,  phone,  PREFERRED_CONTACT_METHOD, username, password) values ('d05dded4-d9dc-42bd-a32c-1bd9f5181ec7', '', 'bcheesman12@is.gd', 'Bliss', 'Cheesman', '17604736713', 'Text', 'myUsername39', '$2a$12$lquUcgJRNvbrPWYPPp8rJ.91Bk8QFh.fGGeVZ5pb49cZTi.GHrJdy');
insert into People (id,  commitment,  email,  first_name,  last_name,  phone,  PREFERRED_CONTACT_METHOD, username, password) values ('a92a4f95-718d-414a-be52-8d35caf4a049', '', 'btommaseo13@ebay.com', 'Barrett', 'Tommaseo', '17604736713', 'Text', 'myUsername40', '$2a$12$lquUcgJRNvbrPWYPPp8rJ.91Bk8QFh.fGGeVZ5pb49cZTi.GHrJdy');
insert into People (id,  commitment,  email,  first_name,  last_name,  phone,  PREFERRED_CONTACT_METHOD, username, password) values ('1cdb1a01-d9f2-42a3-b449-f59ff995aff2', '', 'dmcfall14@bbb.org', 'Dyann', 'McFall', '17604736713', 'Text', 'myUsername41', '$2a$12$lquUcgJRNvbrPWYPPp8rJ.91Bk8QFh.fGGeVZ5pb49cZTi.GHrJdy');
insert into People (id,  commitment,  email,  first_name,  last_name,  phone,  PREFERRED_CONTACT_METHOD, username, password) values ('1a01918f-9aa8-4e16-a0ad-0a92bbe2758c', '', 'dbresson15@hp.com', 'Dall', 'Bresson', '17604736713', 'Text', 'myUsername42', '$2a$12$lquUcgJRNvbrPWYPPp8rJ.91Bk8QFh.fGGeVZ5pb49cZTi.GHrJdy');
insert into People (id,  commitment,  email,  first_name,  last_name,  phone,  PREFERRED_CONTACT_METHOD, username, password) values ('45e75c2c-dcc7-4d7e-a496-3ed5bb779950', '', 'aespadate16@cpanel.net', 'Ariel', 'Espadate', '17604736713', 'Text', 'myUsername43', '$2a$12$lquUcgJRNvbrPWYPPp8rJ.91Bk8QFh.fGGeVZ5pb49cZTi.GHrJdy');
insert into People (id,  commitment,  email,  first_name,  last_name,  phone,  PREFERRED_CONTACT_METHOD, username, password) values ('07900375-00e5-44c1-924a-8384e1f2d7a7', '', 'grenouf17@dedecms.com', 'Gardie', 'Renouf', '17604736713', 'Text', 'myUsername44', '$2a$12$lquUcgJRNvbrPWYPPp8rJ.91Bk8QFh.fGGeVZ5pb49cZTi.GHrJdy');
insert into People (id,  commitment,  email,  first_name,  last_name,  phone,  PREFERRED_CONTACT_METHOD, username, password) values ('c603b7be-d386-4ab2-8613-ad143c42ce75', '', 'asimner18@admin.ch', 'Alfonso', 'Simner', '17604736713', 'Text', 'myUsername45', '$2a$12$lquUcgJRNvbrPWYPPp8rJ.91Bk8QFh.fGGeVZ5pb49cZTi.GHrJdy');
insert into People (id,  commitment,  email,  first_name,  last_name,  phone,  PREFERRED_CONTACT_METHOD, username, password) values ('3736bb3f-0f7d-4398-a5ed-37196aec1d75', '', 'agillam19@qq.com', 'Alberta', 'Gillam', '17604736713', 'Text', 'myUsername46', '$2a$12$lquUcgJRNvbrPWYPPp8rJ.91Bk8QFh.fGGeVZ5pb49cZTi.GHrJdy');
insert into People (id,  commitment,  email,  first_name,  last_name,  phone,  PREFERRED_CONTACT_METHOD, username, password) values ('d92d3701-64f7-41e7-a692-ab13d0467335', '', 'dsearchfield1a@yolasite.com', 'Dagny', 'Searchfield', '17604736713', 'Text', 'myUsername47', '$2a$12$lquUcgJRNvbrPWYPPp8rJ.91Bk8QFh.fGGeVZ5pb49cZTi.GHrJdy');
insert into People (id,  commitment,  email,  first_name,  last_name,  phone,  PREFERRED_CONTACT_METHOD, username, password) values ('7ee352ac-5ecd-4aee-b155-a0316fcfe004', '', 'akollatsch1b@theatlantic.com', 'Alicia', 'Kollatsch', '17604736713', 'Text', 'myUsername48', '$2a$12$lquUcgJRNvbrPWYPPp8rJ.91Bk8QFh.fGGeVZ5pb49cZTi.GHrJdy');
insert into People (id,  commitment,  email,  first_name,  last_name,  phone,  PREFERRED_CONTACT_METHOD, username, password) values ('05cf62da-9f66-4208-ba99-90b41e07733b', '', 'mbirrell1c@weebly.com', 'Moria', 'Birrell', '17604736713', 'Text', 'myUsername49', '$2a$12$lquUcgJRNvbrPWYPPp8rJ.91Bk8QFh.fGGeVZ5pb49cZTi.GHrJdy');
insert into People (id,  commitment,  email,  first_name,  last_name,  phone,  PREFERRED_CONTACT_METHOD, username, password) values ('22c3633a-45ff-4147-9ccd-34b80a958a8d', '', 'priby1d@newsvine.com', 'Paco', 'Riby', '17604736713', 'Text', 'myUsername50', '$2a$12$lquUcgJRNvbrPWYPPp8rJ.91Bk8QFh.fGGeVZ5pb49cZTi.GHrJdy');
insert into People (id,  commitment,  email,  first_name,  last_name,  phone,  PREFERRED_CONTACT_METHOD, username, password) values ('9ce765a0-2510-4b9f-b414-7f3ce3e9efca', '', 'cjacobowicz1e@bloglines.com', 'Casey', 'Jacobowicz', '17604736713', 'Text', 'myUsername51', '$2a$12$lquUcgJRNvbrPWYPPp8rJ.91Bk8QFh.fGGeVZ5pb49cZTi.GHrJdy');
insert into People (id,  commitment,  email,  first_name,  last_name,  phone,  PREFERRED_CONTACT_METHOD, username, password) values ('be68bd20-5a59-4326-b0d2-3a5c4449b8b8', '', 'mgreenstead1f@oracle.com', 'Mei', 'Greenstead', '17604736713', 'Text', 'myUsername52', '$2a$12$lquUcgJRNvbrPWYPPp8rJ.91Bk8QFh.fGGeVZ5pb49cZTi.GHrJdy');
insert into People (id,  commitment,  email,  first_name,  last_name,  phone,  PREFERRED_CONTACT_METHOD, username, password) values ('bd48c962-64d7-4957-9552-b810368c28cc', '', 'cchisolm1g@google.nl', 'Craggy', 'Chisolm', '17604736713', 'Text', 'myUsername53', '$2a$12$lquUcgJRNvbrPWYPPp8rJ.91Bk8QFh.fGGeVZ5pb49cZTi.GHrJdy');
insert into People (id,  commitment,  email,  first_name,  last_name,  phone,  PREFERRED_CONTACT_METHOD, username, password) values ('dc316fce-1cc1-4125-aa7f-fb36fc790577', '', 'mlotherington1h@yandex.ru', 'Marrissa', 'Lotherington', '17604736713', 'Text', 'myUsername54', '$2a$12$lquUcgJRNvbrPWYPPp8rJ.91Bk8QFh.fGGeVZ5pb49cZTi.GHrJdy');
insert into People (id,  commitment,  email,  first_name,  last_name,  phone,  PREFERRED_CONTACT_METHOD, username, password) values ('accfbcc0-281c-40e2-8897-632fc3a2f93c', '', 'eborgbartolo1i@booking.com', 'Edith', 'Borg-Bartolo', '17604736713', 'Text', 'myUsername55', '$2a$12$lquUcgJRNvbrPWYPPp8rJ.91Bk8QFh.fGGeVZ5pb49cZTi.GHrJdy');
insert into People (id,  commitment,  email,  first_name,  last_name,  phone,  PREFERRED_CONTACT_METHOD, username, password) values ('44b795d2-acab-4feb-8d09-9aef02e861b3', '', 'mbodill1j@nature.com', 'Minetta', 'Bodill', '17604736713', 'Text', 'myUsername56', '$2a$12$lquUcgJRNvbrPWYPPp8rJ.91Bk8QFh.fGGeVZ5pb49cZTi.GHrJdy');
insert into People (id,  commitment,  email,  first_name,  last_name,  phone,  PREFERRED_CONTACT_METHOD, username, password) values ('74cb71de-c40c-42ca-b8fa-412624719de0', '', 'kpurveys1k@ibm.com', 'Karla', 'Purveys', '17604736713', 'Text', 'myUsername57', '$2a$12$lquUcgJRNvbrPWYPPp8rJ.91Bk8QFh.fGGeVZ5pb49cZTi.GHrJdy');
insert into People (id,  commitment,  email,  first_name,  last_name,  phone,  PREFERRED_CONTACT_METHOD, username, password) values ('9d6d9e01-8da9-4f7f-a951-9fd9eea59490', '', 'mivanshintsev1l@kickstarter.com', 'Marian', 'Ivanshintsev', '17604736713', 'Text', 'myUsername58', '$2a$12$lquUcgJRNvbrPWYPPp8rJ.91Bk8QFh.fGGeVZ5pb49cZTi.GHrJdy');
insert into People (id,  commitment,  email,  first_name,  last_name,  phone,  PREFERRED_CONTACT_METHOD, username, password) values ('4678662c-47b4-48ef-833c-a9f4078fabe0', '', 'dfrear1m@marketwatch.com', 'Dode', 'Frear', '17604736713', 'Text', 'myUsername59', '$2a$12$lquUcgJRNvbrPWYPPp8rJ.91Bk8QFh.fGGeVZ5pb49cZTi.GHrJdy');
insert into People (id,  commitment,  email,  first_name,  last_name,  phone,  PREFERRED_CONTACT_METHOD, username, password) values ('59ce83a4-eaa8-4f48-a764-505b39d536cb', '', 'gdoram1n@nyu.edu', 'Gifford', 'Doram', '17604736713', 'Text', 'myUsername60', '$2a$12$lquUcgJRNvbrPWYPPp8rJ.91Bk8QFh.fGGeVZ5pb49cZTi.GHrJdy');
insert into People (id,  commitment,  email,  first_name,  last_name,  phone,  PREFERRED_CONTACT_METHOD, username, password) values ('18c90e5e-c8e1-4f4e-943a-6ac2045218b5', '', 'ndonegan1o@marriott.com', 'Niki', 'Donegan', '17604736713', 'Text', 'myUsername61', '$2a$12$lquUcgJRNvbrPWYPPp8rJ.91Bk8QFh.fGGeVZ5pb49cZTi.GHrJdy');
insert into People (id,  commitment,  email,  first_name,  last_name,  phone,  PREFERRED_CONTACT_METHOD, username, password) values ('67c11422-7fcc-4c64-ac3d-4b4d7388c38c', '', 'jpeascod1p@forbes.com', 'Jaquelin', 'Peascod', '17604736713', 'Text', 'myUsername62', '$2a$12$lquUcgJRNvbrPWYPPp8rJ.91Bk8QFh.fGGeVZ5pb49cZTi.GHrJdy');
insert into People (id,  commitment,  email,  first_name,  last_name,  phone,  PREFERRED_CONTACT_METHOD, username, password) values ('af586c93-4fa5-4e22-9062-34a6d0701e2c', '', 'ncareswell1q@zimbio.com', 'Norton', 'Careswell', '17604736713', 'Text', 'myUsername63', '$2a$12$lquUcgJRNvbrPWYPPp8rJ.91Bk8QFh.fGGeVZ5pb49cZTi.GHrJdy');
insert into People (id,  commitment,  email,  first_name,  last_name,  phone,  PREFERRED_CONTACT_METHOD, username, password) values ('4b2574cb-bf2e-4792-a08f-8cd0d5d0db05', '', 'cwitt1r@va.gov', 'Christie', 'Witt', '17604736713', 'Text', 'myUsername64', '$2a$12$lquUcgJRNvbrPWYPPp8rJ.91Bk8QFh.fGGeVZ5pb49cZTi.GHrJdy');
insert into People (id,  commitment,  email,  first_name,  last_name,  phone,  PREFERRED_CONTACT_METHOD, username, password) values ('b57cabb1-4b42-4a31-930d-4fe85a90abb0', '', 'awillstrop1s@networksolutions.com', 'Auberon', 'Willstrop', '17604736713', 'Text', 'myUsername65', '$2a$12$lquUcgJRNvbrPWYPPp8rJ.91Bk8QFh.fGGeVZ5pb49cZTi.GHrJdy');
insert into People (id,  commitment,  email,  first_name,  last_name,  phone,  PREFERRED_CONTACT_METHOD, username, password) values ('d5976b10-1bbd-4fc5-99ea-36f6b5f4629b', '', 'wdinnington1t@craigslist.org', 'Wallis', 'Dinnington', '17604736713', 'Text', 'myUsername66', '$2a$12$lquUcgJRNvbrPWYPPp8rJ.91Bk8QFh.fGGeVZ5pb49cZTi.GHrJdy');
insert into People (id,  commitment,  email,  first_name,  last_name,  phone,  PREFERRED_CONTACT_METHOD, username, password) values ('a92332b4-b362-41c4-8e84-1ded15f9ad9e', '', 'nkennally1u@hc360.com', 'Norry', 'Kennally', '17604736713', 'Text', 'myUsername67', '$2a$12$lquUcgJRNvbrPWYPPp8rJ.91Bk8QFh.fGGeVZ5pb49cZTi.GHrJdy');
insert into People (id,  commitment,  email,  first_name,  last_name,  phone,  PREFERRED_CONTACT_METHOD, username, password) values ('1ac6ca46-9b62-4967-89ae-62673ce715cf', '', 'nroads1v@sakura.ne.jp', 'Nellie', 'Roads', '17604736713', 'Text', 'myUsername68', '$2a$12$lquUcgJRNvbrPWYPPp8rJ.91Bk8QFh.fGGeVZ5pb49cZTi.GHrJdy');
insert into People (id,  commitment,  email,  first_name,  last_name,  phone,  PREFERRED_CONTACT_METHOD, username, password) values ('ad90cb9d-3d3b-4f09-a36f-f60dfe30be29', '', 'rraincin1w@bbb.org', 'Rockie', 'Raincin', '17604736713', 'Text', 'myUsername69', '$2a$12$lquUcgJRNvbrPWYPPp8rJ.91Bk8QFh.fGGeVZ5pb49cZTi.GHrJdy');
insert into People (id,  commitment,  email,  first_name,  last_name,  phone,  PREFERRED_CONTACT_METHOD, username, password) values ('d4282a2b-3137-4ce9-98d3-760ffc24377a', '', 'ssear1x@360.cn', 'Salvador', 'Sear', '17604736713', 'Text', 'myUsername70', '$2a$12$lquUcgJRNvbrPWYPPp8rJ.91Bk8QFh.fGGeVZ5pb49cZTi.GHrJdy');
insert into People (id,  commitment,  email,  first_name,  last_name,  phone,  PREFERRED_CONTACT_METHOD, username, password) values ('a7b4ecc2-f7d9-430e-96b9-d259e0578c8d', '', 'tbolstridge1y@surveymonkey.com', 'Tierney', 'Bolstridge', '17604736713', 'Text', 'myUsername71', '$2a$12$lquUcgJRNvbrPWYPPp8rJ.91Bk8QFh.fGGeVZ5pb49cZTi.GHrJdy');
insert into People (id,  commitment,  email,  first_name,  last_name,  phone,  PREFERRED_CONTACT_METHOD, username, password) values ('20d8b466-bea9-4c84-8019-0ee443278476', '', 'amoubray1z@google.co.uk', 'Aeriell', 'Moubray', '17604736713', 'Text', 'myUsername72', '$2a$12$lquUcgJRNvbrPWYPPp8rJ.91Bk8QFh.fGGeVZ5pb49cZTi.GHrJdy');
insert into People (id,  commitment,  email,  first_name,  last_name,  phone,  PREFERRED_CONTACT_METHOD, username, password) values ('3a45a41c-3714-4e04-8910-613606a0e2c6', '', 'bhalcro20@example.com', 'Bartolemo', 'Halcro', '17604736713', 'Text', 'myUsername73', '$2a$12$lquUcgJRNvbrPWYPPp8rJ.91Bk8QFh.fGGeVZ5pb49cZTi.GHrJdy');
insert into People (id,  commitment,  email,  first_name,  last_name,  phone,  PREFERRED_CONTACT_METHOD, username, password) values ('649d9eba-3d2b-4eb1-bdb1-c99604e8e4cc', '', 'gruggier21@reuters.com', 'Gabriel', 'Ruggier', '17604736713', 'Text', 'myUsername74', '$2a$12$lquUcgJRNvbrPWYPPp8rJ.91Bk8QFh.fGGeVZ5pb49cZTi.GHrJdy');
insert into People (id,  commitment,  email,  first_name,  last_name,  phone,  PREFERRED_CONTACT_METHOD, username, password) values ('a51f6e6c-2d34-4bfd-a64f-3d0d3466e0e7', '', 'jgirodias22@taobao.com', 'Jordon', 'Girodias', '17604736713', 'Text', 'myUsername75', '$2a$12$lquUcgJRNvbrPWYPPp8rJ.91Bk8QFh.fGGeVZ5pb49cZTi.GHrJdy');
insert into People (id,  commitment,  email,  first_name,  last_name,  phone,  PREFERRED_CONTACT_METHOD, username, password) values ('5d5505aa-0155-4d5c-b22b-4ba19d62a5d6', '', 'btrundle23@dedecms.com', 'Bernadine', 'Trundle', '17604736713', 'Text', 'myUsername76', '$2a$12$lquUcgJRNvbrPWYPPp8rJ.91Bk8QFh.fGGeVZ5pb49cZTi.GHrJdy');
insert into People (id,  commitment,  email,  first_name,  last_name,  phone,  PREFERRED_CONTACT_METHOD, username, password) values ('e64c618b-c3fc-4a9e-9b3c-9ef1e66b2e94', '', 'tdurward24@mayoclinic.com', 'Tracie', 'Durward', '17604736713', 'Text', 'myUsername77', '$2a$12$lquUcgJRNvbrPWYPPp8rJ.91Bk8QFh.fGGeVZ5pb49cZTi.GHrJdy');
insert into People (id,  commitment,  email,  first_name,  last_name,  phone,  PREFERRED_CONTACT_METHOD, username, password) values ('9a2036f8-a7e3-48e9-a353-17a111866160', '', 'cluke25@gov.uk', 'Calley', 'Luke', '17604736713', 'Text', 'myUsername78', '$2a$12$lquUcgJRNvbrPWYPPp8rJ.91Bk8QFh.fGGeVZ5pb49cZTi.GHrJdy');
insert into People (id,  commitment,  email,  first_name,  last_name,  phone,  PREFERRED_CONTACT_METHOD, username, password) values ('268ed063-ef5d-4b8e-9cce-d48b65faffe1', '', 'hbiscomb26@freewebs.com', 'Harald', 'Biscomb', '17604736713', 'Text', 'myUsername79', '$2a$12$lquUcgJRNvbrPWYPPp8rJ.91Bk8QFh.fGGeVZ5pb49cZTi.GHrJdy');
insert into People (id,  commitment,  email,  first_name,  last_name,  phone,  PREFERRED_CONTACT_METHOD, username, password) values ('f8252622-cc3b-4c14-b888-4003dc81cfd1', '', 'mouthwaite27@un.org', 'Marna', 'Outhwaite', '17604736713', 'Text', 'myUsername80', '$2a$12$lquUcgJRNvbrPWYPPp8rJ.91Bk8QFh.fGGeVZ5pb49cZTi.GHrJdy');
insert into People (id,  commitment,  email,  first_name,  last_name,  phone,  PREFERRED_CONTACT_METHOD, username, password) values ('f887526e-457b-4982-9ba6-752d596a889b', '', 'cgaspero28@aol.com', 'Cosme', 'Gaspero', '17604736713', 'Text', 'myUsername81', '$2a$12$lquUcgJRNvbrPWYPPp8rJ.91Bk8QFh.fGGeVZ5pb49cZTi.GHrJdy');
insert into People (id,  commitment,  email,  first_name,  last_name,  phone,  PREFERRED_CONTACT_METHOD, username, password) values ('6def97c8-0d2c-4f36-a675-9c8cd5ba5ea0', '', 'ekemmis29@quantcast.com', 'Eric', 'Kemmis', '17604736713', 'Text', 'myUsername82', '$2a$12$lquUcgJRNvbrPWYPPp8rJ.91Bk8QFh.fGGeVZ5pb49cZTi.GHrJdy');
insert into People (id,  commitment,  email,  first_name,  last_name,  phone,  PREFERRED_CONTACT_METHOD, username, password) values ('bef415ec-f745-4524-bd6f-2fbf73e54521', '', 'ccavell2a@icq.com', 'Celestine', 'Cavell', '17604736713', 'Text', 'myUsername83', '$2a$12$lquUcgJRNvbrPWYPPp8rJ.91Bk8QFh.fGGeVZ5pb49cZTi.GHrJdy');
insert into People (id,  commitment,  email,  first_name,  last_name,  phone,  PREFERRED_CONTACT_METHOD, username, password) values ('580cf747-7fce-4de9-b144-b86e9248280c', '', 'agarlant2b@ocn.ne.jp', 'Anastassia', 'Garlant', '17604736713', 'Text', 'myUsername84', '$2a$12$lquUcgJRNvbrPWYPPp8rJ.91Bk8QFh.fGGeVZ5pb49cZTi.GHrJdy');
insert into People (id,  commitment,  email,  first_name,  last_name,  phone,  PREFERRED_CONTACT_METHOD, username, password) values ('4f92338f-ae32-4198-bf79-ca774e1e7324', '', 'sfeacham2c@webnode.com', 'Saundra', 'Feacham', '17604736713', 'Text', 'myUsername85', '$2a$12$lquUcgJRNvbrPWYPPp8rJ.91Bk8QFh.fGGeVZ5pb49cZTi.GHrJdy');
insert into People (id,  commitment,  email,  first_name,  last_name,  phone,  PREFERRED_CONTACT_METHOD, username, password) values ('6b66870f-34a6-4795-b987-06f96068dc9e', '', 'rjansik2d@army.mil', 'Richardo', 'Jansik', '17604736713', 'Text', 'myUsername86', '$2a$12$lquUcgJRNvbrPWYPPp8rJ.91Bk8QFh.fGGeVZ5pb49cZTi.GHrJdy');
insert into People (id,  commitment,  email,  first_name,  last_name,  phone,  PREFERRED_CONTACT_METHOD, username, password) values ('ad76cfd8-f60c-47bf-a4ed-380b49a7e3bc', '', 'dskoggins2e@baidu.com', 'Dare', 'Skoggins', '17604736713', 'Text', 'myUsername87', '$2a$12$lquUcgJRNvbrPWYPPp8rJ.91Bk8QFh.fGGeVZ5pb49cZTi.GHrJdy');
insert into People (id,  commitment,  email,  first_name,  last_name,  phone,  PREFERRED_CONTACT_METHOD, username, password) values ('4ebfd33c-d9be-4b94-b72d-9060c66c4318', '', 'avalde2f@unicef.org', 'Alphonse', 'Valde', '17604736713', 'Text', 'myUsername88', '$2a$12$lquUcgJRNvbrPWYPPp8rJ.91Bk8QFh.fGGeVZ5pb49cZTi.GHrJdy');
insert into People (id,  commitment,  email,  first_name,  last_name,  phone,  PREFERRED_CONTACT_METHOD, username, password) values ('6102d43f-d415-4fcf-8c9d-87d16688dc32', '', 'irands2g@cnet.com', 'Irena', 'Rands', '17604736713', 'Text', 'myUsername89', '$2a$12$lquUcgJRNvbrPWYPPp8rJ.91Bk8QFh.fGGeVZ5pb49cZTi.GHrJdy');
insert into People (id,  commitment,  email,  first_name,  last_name,  phone,  PREFERRED_CONTACT_METHOD, username, password) values ('6e6c3e9c-a72f-499c-8993-423542cf9353', '', 'jsargerson2h@walmart.com', 'Josey', 'Sargerson', '17604736713', 'Text', 'myUsername90', '$2a$12$lquUcgJRNvbrPWYPPp8rJ.91Bk8QFh.fGGeVZ5pb49cZTi.GHrJdy');
insert into People (id,  commitment,  email,  first_name,  last_name,  phone,  PREFERRED_CONTACT_METHOD, username, password) values ('50172ec4-a983-437a-93ce-848659523e54', '', 'lgeraudel2i@gizmodo.com', 'Lilyan', 'Geraudel', '17604736713', 'Text', 'myUsername92', '$2a$12$lquUcgJRNvbrPWYPPp8rJ.91Bk8QFh.fGGeVZ5pb49cZTi.GHrJdy');
insert into People (id,  commitment,  email,  first_name,  last_name,  phone,  PREFERRED_CONTACT_METHOD, username, password) values ('0850623d-eef9-4fd7-8a8b-b6392298ed61', '', 'ssayton2j@china.com.cn', 'Sandye', 'Sayton', '17604736713', 'Text', 'myUsername91', '$2a$12$lquUcgJRNvbrPWYPPp8rJ.91Bk8QFh.fGGeVZ5pb49cZTi.GHrJdy');
insert into People (id,  commitment,  email,  first_name,  last_name,  phone,  PREFERRED_CONTACT_METHOD, username, password) values ('3fe9e457-8390-4a16-b3de-ecf612a93717', '', 'atimny2k@mapy.cz', 'Angil', 'Timny', '17604736713', 'Text', 'myUsername93', '$2a$12$lquUcgJRNvbrPWYPPp8rJ.91Bk8QFh.fGGeVZ5pb49cZTi.GHrJdy');
insert into People (id,  commitment,  email,  first_name,  last_name,  phone,  PREFERRED_CONTACT_METHOD, username, password) values ('1ad11922-1c11-4002-9098-ec71d14162b3', '', 'gpatillo2l@nsw.gov.au', 'Genevra', 'Patillo', '17604736713', 'Text', 'myUsername94', '$2a$12$lquUcgJRNvbrPWYPPp8rJ.91Bk8QFh.fGGeVZ5pb49cZTi.GHrJdy');
insert into People (id,  commitment,  email,  first_name,  last_name,  phone,  PREFERRED_CONTACT_METHOD, username, password) values ('2c0f53d6-2c2d-4f05-b8f6-61b52c3df633', '', 'hrentoll2m@sitemeter.com', 'Hermann', 'Rentoll', '17604736713', 'Text', 'myUsername95', '$2a$12$lquUcgJRNvbrPWYPPp8rJ.91Bk8QFh.fGGeVZ5pb49cZTi.GHrJdy');
insert into People (id,  commitment,  email,  first_name,  last_name,  phone,  PREFERRED_CONTACT_METHOD, username, password) values ('5bef113a-56c7-423d-b403-3a11b76c0af0', '', 'psevern2n@comcast.net', 'Patience', 'Severn', '17604736713', 'Text', 'myUsername96', '$2a$12$lquUcgJRNvbrPWYPPp8rJ.91Bk8QFh.fGGeVZ5pb49cZTi.GHrJdy');
insert into People (id,  commitment,  email,  first_name,  last_name,  phone,  PREFERRED_CONTACT_METHOD, username, password) values ('afaa1f1a-2ff3-4b24-9466-379f8221a3cb', '', 'swoloschin2o@csmonitor.com', 'Sterne', 'Woloschin', '17604736713', 'Text', 'myUsername97', '$2a$12$lquUcgJRNvbrPWYPPp8rJ.91Bk8QFh.fGGeVZ5pb49cZTi.GHrJdy');
insert into People (id,  commitment,  email,  first_name,  last_name,  phone,  PREFERRED_CONTACT_METHOD, username, password) values ('2d3894ca-06b6-4a69-806f-a2c5185796eb', '', 'tjope2p@washington.edu', 'Torrence', 'Jope', '17604736713', 'Text', 'myUsername98', '$2a$12$lquUcgJRNvbrPWYPPp8rJ.91Bk8QFh.fGGeVZ5pb49cZTi.GHrJdy');
insert into People (id,  commitment,  email,  first_name,  last_name,  phone,  PREFERRED_CONTACT_METHOD, username, password) values ('4ee55937-a680-4258-95ad-79ff86c099bf', '', 'gdally2q@domainmarket.com', 'Ganny', 'Dally', '17604736713', 'Text', 'myUsername99', '$2a$12$lquUcgJRNvbrPWYPPp8rJ.91Bk8QFh.fGGeVZ5pb49cZTi.GHrJdy');
insert into People (id,  commitment,  email,  first_name,  last_name,  phone,  PREFERRED_CONTACT_METHOD, username, password) values ('a70b7be3-8f15-471b-a09d-7ab5539cd97f', '', 'mleveret2r@slashdot.org', 'Martyn', 'Leveret', '17604736713', 'Text', 'myUsername100', '$2a$12$lquUcgJRNvbrPWYPPp8rJ.91Bk8QFh.fGGeVZ5pb49cZTi.GHrJdy');
insert into People (id,  commitment,  email,  first_name,  last_name,  phone,  PREFERRED_CONTACT_METHOD, username, password) values ('b74d572d-5f7d-487c-aa5e-90a9a2a16ba2', '', 'vnurse2s@hubpages.com', 'Vinny', 'Nurse', '17604736713', 'Text', 'myUsername101', '$2a$12$lquUcgJRNvbrPWYPPp8rJ.91Bk8QFh.fGGeVZ5pb49cZTi.GHrJdy');
insert into People (id,  commitment,  email,  first_name,  last_name,  phone,  PREFERRED_CONTACT_METHOD, username, password) values ('81a6a4f7-6549-422e-9bb9-6578bd18b45a', '', 'edeavenell2t@uol.com.br', 'Eugen', 'De Avenell', '17604736713', 'Text', 'myUsername102', '$2a$12$lquUcgJRNvbrPWYPPp8rJ.91Bk8QFh.fGGeVZ5pb49cZTi.GHrJdy');
insert into People (id,  commitment,  email,  first_name,  last_name,  phone,  PREFERRED_CONTACT_METHOD, username, password) values ('5e8bcab4-1af1-409e-980a-f8f189958547', '', 'sesmead2u@cyberchimps.com', 'Schuyler', 'Esmead', '17604736713', 'Text', 'myUsername103', '$2a$12$lquUcgJRNvbrPWYPPp8rJ.91Bk8QFh.fGGeVZ5pb49cZTi.GHrJdy');
insert into People (id,  commitment,  email,  first_name,  last_name,  phone,  PREFERRED_CONTACT_METHOD, username, password) values ('a2b22803-3ed0-451f-85ef-1fab06de15e3', '', 'hbarwack2v@yolasite.com', 'Hammad', 'Barwack', '17604736713', 'Text', 'myUsername104', '$2a$12$lquUcgJRNvbrPWYPPp8rJ.91Bk8QFh.fGGeVZ5pb49cZTi.GHrJdy');
insert into People (id,  commitment,  email,  first_name,  last_name,  phone,  PREFERRED_CONTACT_METHOD, username, password) values ('10a52d04-3836-4512-8943-4f5ae595fa4a', '', 'cstutard2w@skype.com', 'Charlean', 'Stutard', '17604736713', 'Text', 'myUsername105', '$2a$12$lquUcgJRNvbrPWYPPp8rJ.91Bk8QFh.fGGeVZ5pb49cZTi.GHrJdy');
insert into People (id,  commitment,  email,  first_name,  last_name,  phone,  PREFERRED_CONTACT_METHOD, username, password) values ('facd8e2c-143e-40d8-be95-e3eaeed1ae19', '', 'gbook2x@com.com', 'Grier', 'Book', '17604736713', 'Text', 'myUsername106', '$2a$12$lquUcgJRNvbrPWYPPp8rJ.91Bk8QFh.fGGeVZ5pb49cZTi.GHrJdy');
insert into People (id,  commitment,  email,  first_name,  last_name,  phone,  PREFERRED_CONTACT_METHOD, username, password) values ('e7941841-8cc5-44a5-b466-c1a24168b100', '', 'jblindt2y@craigslist.org', 'Jewelle', 'Blindt', '17604736713', 'Text', 'myUsername107', '$2a$12$lquUcgJRNvbrPWYPPp8rJ.91Bk8QFh.fGGeVZ5pb49cZTi.GHrJdy');
insert into People (id,  commitment,  email,  first_name,  last_name,  phone,  PREFERRED_CONTACT_METHOD, username, password) values ('7227d6bb-061c-437d-870e-fb910f153331', '', 'tradley2z@narod.ru', 'Tommie', 'Radley', '17604736713', 'Text', 'myUsername108', '$2a$12$lquUcgJRNvbrPWYPPp8rJ.91Bk8QFh.fGGeVZ5pb49cZTi.GHrJdy');
insert into People (id,  commitment,  email,  first_name,  last_name,  phone,  PREFERRED_CONTACT_METHOD, username, password) values ('dba924a8-1db8-46d4-bb1f-5522778068ed', '', 'rjakov30@vinaora.com', 'Rollo', 'Jakov', '17604736713', 'Text', 'myUsername109', '$2a$12$lquUcgJRNvbrPWYPPp8rJ.91Bk8QFh.fGGeVZ5pb49cZTi.GHrJdy');
insert into People (id,  commitment,  email,  first_name,  last_name,  phone,  PREFERRED_CONTACT_METHOD, username, password) values ('c82aabf2-45e7-429e-8188-bb30170aff68', '', 'clackie31@army.mil', 'Claus', 'Lackie', '17604736713', 'Text', 'myUsername110', '$2a$12$lquUcgJRNvbrPWYPPp8rJ.91Bk8QFh.fGGeVZ5pb49cZTi.GHrJdy');
insert into People (id,  commitment,  email,  first_name,  last_name,  phone,  PREFERRED_CONTACT_METHOD, username, password) values ('510ad226-d756-40cb-8981-834b1f684313', '', 'tkennler32@topsy.com', 'Tammi', 'Kennler', '17604736713', 'Text', 'myUsername111', '$2a$12$lquUcgJRNvbrPWYPPp8rJ.91Bk8QFh.fGGeVZ5pb49cZTi.GHrJdy');
insert into People (id,  commitment,  email,  first_name,  last_name,  phone,  PREFERRED_CONTACT_METHOD, username, password) values ('25e12b00-d4b8-467f-bec4-366ad3ead77f', '', 'mcullin33@china.com.cn', 'Marchelle', 'Cullin', '17604736713', 'Text', 'myUsername112', '$2a$12$lquUcgJRNvbrPWYPPp8rJ.91Bk8QFh.fGGeVZ5pb49cZTi.GHrJdy');
insert into People (id,  commitment,  email,  first_name,  last_name,  phone,  PREFERRED_CONTACT_METHOD, username, password) values ('7eaec3b6-b1ec-40ce-92e8-5c9d3d039998', '', 'jfibbit34@youku.com', 'Jelene', 'Fibbit', '17604736713', 'Text', 'myUsername113', '$2a$12$lquUcgJRNvbrPWYPPp8rJ.91Bk8QFh.fGGeVZ5pb49cZTi.GHrJdy');
insert into People (id,  commitment,  email,  first_name,  last_name,  phone,  PREFERRED_CONTACT_METHOD, username, password) values ('61f5ff3f-21da-4d81-a675-c5f9cdf774e5', '', 'abaser35@nps.gov', 'Ambrose', 'Baser', '17604736713', 'Text', 'myUsername114', '$2a$12$lquUcgJRNvbrPWYPPp8rJ.91Bk8QFh.fGGeVZ5pb49cZTi.GHrJdy');
insert into People (id,  commitment,  email,  first_name,  last_name,  phone,  PREFERRED_CONTACT_METHOD, username, password) values ('42cc6979-0e4d-420d-8393-27a8e156748f', '', 'mthomsson36@nih.gov', 'Miquela', 'Thomsson', '17604736713', 'Text', 'myUsername115', '$2a$12$lquUcgJRNvbrPWYPPp8rJ.91Bk8QFh.fGGeVZ5pb49cZTi.GHrJdy');
insert into People (id,  commitment,  email,  first_name,  last_name,  phone,  PREFERRED_CONTACT_METHOD, username, password) values ('53a85a54-8173-49af-b85c-8ceb6b20873c', '', 'jcoppin37@tuttocitta.it', 'Julietta', 'Coppin', '17604736713', 'Text', 'myUsername116', '$2a$12$lquUcgJRNvbrPWYPPp8rJ.91Bk8QFh.fGGeVZ5pb49cZTi.GHrJdy');
insert into People (id,  commitment,  email,  first_name,  last_name,  phone,  PREFERRED_CONTACT_METHOD, username, password) values ('42ae7570-6547-4b89-afbd-b10d3eda9765', '', 'vbarrim38@t-online.de', 'Vite', 'Barrim', '17604736713', 'Text', 'myUsername117', '$2a$12$lquUcgJRNvbrPWYPPp8rJ.91Bk8QFh.fGGeVZ5pb49cZTi.GHrJdy');
insert into People (id,  commitment,  email,  first_name,  last_name,  phone,  PREFERRED_CONTACT_METHOD, username, password) values ('ddebe012-80cb-4bb0-b642-3844f719356b', '', 'cantyshev39@smugmug.com', 'Ciel', 'Antyshev', '17604736713', 'Text', 'myUsername118', '$2a$12$lquUcgJRNvbrPWYPPp8rJ.91Bk8QFh.fGGeVZ5pb49cZTi.GHrJdy');
insert into People (id,  commitment,  email,  first_name,  last_name,  phone,  PREFERRED_CONTACT_METHOD, username, password) values ('60315226-e780-4e86-8152-a3678990b369', '', 'dguillotin3a@kickstarter.com', 'Drusy', 'Guillotin', '17604736713', 'Text', 'myUsername119', '$2a$12$lquUcgJRNvbrPWYPPp8rJ.91Bk8QFh.fGGeVZ5pb49cZTi.GHrJdy');
insert into People (id,  commitment,  email,  first_name,  last_name,  phone,  PREFERRED_CONTACT_METHOD, username, password) values ('8f184c7a-bae9-4306-8878-842db2963582', '', 'iballingal3b@ftc.gov', 'Ivette', 'Ballingal', '17604736713', 'Text', 'myUsername120', '$2a$12$lquUcgJRNvbrPWYPPp8rJ.91Bk8QFh.fGGeVZ5pb49cZTi.GHrJdy');
insert into People (id,  commitment,  email,  first_name,  last_name,  phone,  PREFERRED_CONTACT_METHOD, username, password) values ('71bc5c6b-50a1-4d32-9d0b-a42aa7b04d92', '', 'cpetrussi3c@jigsy.com', 'Crosby', 'Petrussi', '17604736713', 'Text', 'myUsername121', '$2a$12$lquUcgJRNvbrPWYPPp8rJ.91Bk8QFh.fGGeVZ5pb49cZTi.GHrJdy');
insert into People (id,  commitment,  email,  first_name,  last_name,  phone,  PREFERRED_CONTACT_METHOD, username, password) values ('008a393f-0cb8-4e2d-998c-f6f99fcb0cc1', '', 'ccleatherow3d@fda.gov', 'Clementia', 'Cleatherow', '17604736713', 'Text', 'myUsername122', '$2a$12$lquUcgJRNvbrPWYPPp8rJ.91Bk8QFh.fGGeVZ5pb49cZTi.GHrJdy');
insert into People (id,  commitment,  email,  first_name,  last_name,  phone,  PREFERRED_CONTACT_METHOD, username, password) values ('f0e87778-8a27-4380-8209-c20587ced9ee', '', 'lgotecliffe3e@theglobeandmail.com', 'Lorne', 'Gotecliffe', '17604736713', 'Text', 'myUsername123', '$2a$12$lquUcgJRNvbrPWYPPp8rJ.91Bk8QFh.fGGeVZ5pb49cZTi.GHrJdy');
insert into People (id,  commitment,  email,  first_name,  last_name,  phone,  PREFERRED_CONTACT_METHOD, username, password) values ('329132b4-37df-469c-8578-13daa53dbb27', '', 'taimson3f@tamu.edu', 'Tripp', 'Aimson', '17604736713', 'Text', 'myUsername124', '$2a$12$lquUcgJRNvbrPWYPPp8rJ.91Bk8QFh.fGGeVZ5pb49cZTi.GHrJdy');
insert into People (id,  commitment,  email,  first_name,  last_name,  phone,  PREFERRED_CONTACT_METHOD, username, password) values ('6244f2bd-7fb4-4a50-ba04-9a2b949e4bd6', '', 'kpibworth3g@java.com', 'Krystalle', 'Pibworth', '17604736713', 'Text', 'myUsername125', '$2a$12$lquUcgJRNvbrPWYPPp8rJ.91Bk8QFh.fGGeVZ5pb49cZTi.GHrJdy');
insert into People (id,  commitment,  email,  first_name,  last_name,  phone,  PREFERRED_CONTACT_METHOD, username, password) values ('7ffd5f80-191a-444b-a52f-d11aa8c13546', '', 'kstuddert3h@usnews.com', 'Kalindi', 'Studdert', '17604736713', 'Text', 'myUsername126', '$2a$12$lquUcgJRNvbrPWYPPp8rJ.91Bk8QFh.fGGeVZ5pb49cZTi.GHrJdy');
insert into People (id,  commitment,  email,  first_name,  last_name,  phone,  PREFERRED_CONTACT_METHOD, username, password) values ('238742c9-f236-474f-9259-9b9d9c50732a', '', 'trenihan3i@4shared.com', 'Tiphani', 'Renihan', '17604736713', 'Text', 'myUsername127', '$2a$12$lquUcgJRNvbrPWYPPp8rJ.91Bk8QFh.fGGeVZ5pb49cZTi.GHrJdy');
insert into People (id,  commitment,  email,  first_name,  last_name,  phone,  PREFERRED_CONTACT_METHOD, username, password) values ('59bf138a-944b-4715-9138-854ce04103aa', '', 'aelverston3j@abc.net.au', 'Alvis', 'Elverston', '17604736713', 'Text', 'myUsername128', '$2a$12$lquUcgJRNvbrPWYPPp8rJ.91Bk8QFh.fGGeVZ5pb49cZTi.GHrJdy');
insert into People (id,  commitment,  email,  first_name,  last_name,  phone,  PREFERRED_CONTACT_METHOD, username, password) values ('e180692c-de61-48cf-9a29-a2dfb16559e5', '', 'milyinski3k@desdev.cn', 'Marcille', 'Ilyinski', '17604736713', 'Text', 'myUsername129', '$2a$12$lquUcgJRNvbrPWYPPp8rJ.91Bk8QFh.fGGeVZ5pb49cZTi.GHrJdy');
insert into People (id,  commitment,  email,  first_name,  last_name,  phone,  PREFERRED_CONTACT_METHOD, username, password) values ('3985b723-d54c-4161-a762-8ef3016cab97', '', 'pfrape3l@berkeley.edu', 'Purcell', 'Frape', '17604736713', 'Text', 'myUsername130', '$2a$12$lquUcgJRNvbrPWYPPp8rJ.91Bk8QFh.fGGeVZ5pb49cZTi.GHrJdy');
insert into People (id,  commitment,  email,  first_name,  last_name,  phone,  PREFERRED_CONTACT_METHOD, username, password) values ('ac4d0e8f-bb25-46c6-ad28-6820520eb121', '', 'xmcphaden3m@paypal.com', 'Xerxes', 'McPhaden', '17604736713', 'Text', 'myUsername131', '$2a$12$lquUcgJRNvbrPWYPPp8rJ.91Bk8QFh.fGGeVZ5pb49cZTi.GHrJdy');
insert into People (id,  commitment,  email,  first_name,  last_name,  phone,  PREFERRED_CONTACT_METHOD, username, password) values ('a2cf864b-348b-46b0-bdc0-a7ede8865426', '', 'jjendricke3n@is.gd', 'Joleen', 'Jendricke', '17604736713', 'Text', 'myUsername132', '$2a$12$lquUcgJRNvbrPWYPPp8rJ.91Bk8QFh.fGGeVZ5pb49cZTi.GHrJdy');
insert into People (id,  commitment,  email,  first_name,  last_name,  phone,  PREFERRED_CONTACT_METHOD, username, password) values ('5afa7d8c-e2b6-4f26-890e-253ae1c3db23', '', 'rfawltey3o@hubpages.com', 'Ram', 'Fawltey', '17604736713', 'Text', 'myUsername133', '$2a$12$lquUcgJRNvbrPWYPPp8rJ.91Bk8QFh.fGGeVZ5pb49cZTi.GHrJdy');
insert into People (id,  commitment,  email,  first_name,  last_name,  phone,  PREFERRED_CONTACT_METHOD, username, password) values ('cd054e3c-e76d-4060-9612-70a5d0cd5081', '', 'wjacquet3p@lycos.com', 'Worth', 'Jacquet', '17604736713', 'Text', 'myUsername134', '$2a$12$lquUcgJRNvbrPWYPPp8rJ.91Bk8QFh.fGGeVZ5pb49cZTi.GHrJdy');
insert into People (id,  commitment,  email,  first_name,  last_name,  phone,  PREFERRED_CONTACT_METHOD, username, password) values ('5e8ee98b-6df9-4fa1-a6c1-b33c51920c52', '', 'rmccarly3q@cpanel.net', 'Ruperta', 'McCarly', '17604736713', 'Text', 'myUsername135', '$2a$12$lquUcgJRNvbrPWYPPp8rJ.91Bk8QFh.fGGeVZ5pb49cZTi.GHrJdy');
insert into People (id,  commitment,  email,  first_name,  last_name,  phone,  PREFERRED_CONTACT_METHOD, username, password) values ('b084a01b-64a0-4f4c-b273-59f384baf02e', '', 'erandal3r@whitehouse.gov', 'Essy', 'Randal', '17604736713', 'Text', 'myUsername136', '$2a$12$lquUcgJRNvbrPWYPPp8rJ.91Bk8QFh.fGGeVZ5pb49cZTi.GHrJdy');
insert into People (id,  commitment,  email,  first_name,  last_name,  phone,  PREFERRED_CONTACT_METHOD, username, password) values ('a1b6ef8f-90ec-49bd-837a-6dbcbb856c65', '', 'eclucas3s@jugem.jp', 'Eal', 'Clucas', '17604736713', 'Text', 'myUsername137', '$2a$12$lquUcgJRNvbrPWYPPp8rJ.91Bk8QFh.fGGeVZ5pb49cZTi.GHrJdy');
insert into People (id,  commitment,  email,  first_name,  last_name,  phone,  PREFERRED_CONTACT_METHOD, username, password) values ('6a3ef371-4736-4bad-8f0c-e7337816dd2a', '', 'dkneaphsey3t@narod.ru', 'Daniela', 'Kneaphsey', '17604736713', 'Text', 'myUsername138', '$2a$12$lquUcgJRNvbrPWYPPp8rJ.91Bk8QFh.fGGeVZ5pb49cZTi.GHrJdy');
insert into People (id,  commitment,  email,  first_name,  last_name,  phone,  PREFERRED_CONTACT_METHOD, username, password) values ('ed535759-4c7c-4391-a26a-9cf366b3e5e3', '', 'ddawley3u@a8.net', 'Dill', 'Dawley', '17604736713', 'Text', 'myUsername139', '$2a$12$lquUcgJRNvbrPWYPPp8rJ.91Bk8QFh.fGGeVZ5pb49cZTi.GHrJdy');
insert into People (id,  commitment,  email,  first_name,  last_name,  phone,  PREFERRED_CONTACT_METHOD, username, password) values ('b9624c8b-484f-4a7b-988d-97cb4a5196af', '', 'lhedlestone3v@merriam-webster.com', 'Llywellyn', 'Hedlestone', '17604736713', 'Text', 'myUsername140', '$2a$12$lquUcgJRNvbrPWYPPp8rJ.91Bk8QFh.fGGeVZ5pb49cZTi.GHrJdy');
insert into People (id,  commitment,  email,  first_name,  last_name,  phone,  PREFERRED_CONTACT_METHOD, username, password) values ('8c2a57a9-548c-41da-9155-05392cf74a3c', '', 'rbarnett3w@admin.ch', 'Rosita', 'Barnett', '17604736713', 'Text', 'myUsername141', '$2a$12$lquUcgJRNvbrPWYPPp8rJ.91Bk8QFh.fGGeVZ5pb49cZTi.GHrJdy');
insert into People (id,  commitment,  email,  first_name,  last_name,  phone,  PREFERRED_CONTACT_METHOD, username, password) values ('b4b5e5cf-9c80-48d7-9e6d-3871787e6929', '', 'rirvine3x@cbc.ca', 'Ronny', 'Irvine', '17604736713', 'Text', 'myUsername142', '$2a$12$lquUcgJRNvbrPWYPPp8rJ.91Bk8QFh.fGGeVZ5pb49cZTi.GHrJdy');
insert into People (id,  commitment,  email,  first_name,  last_name,  phone,  PREFERRED_CONTACT_METHOD, username, password) values ('b22e282b-067c-44e1-8ba3-b8630185b2f8', '', 'kbrogini3y@elpais.com', 'Kesley', 'Brogini', '17604736713', 'Text', 'myUsername143', '$2a$12$lquUcgJRNvbrPWYPPp8rJ.91Bk8QFh.fGGeVZ5pb49cZTi.GHrJdy');
insert into People (id,  commitment,  email,  first_name,  last_name,  phone,  PREFERRED_CONTACT_METHOD, username, password) values ('6bead450-0c99-4a16-9eb9-337605b82c1d', '', 'mvideneev3z@tinyumrl.com', 'Mignon', 'Videneev', '17604736713', 'Text', 'myUsername144', '$2a$12$lquUcgJRNvbrPWYPPp8rJ.91Bk8QFh.fGGeVZ5pb49cZTi.GHrJdy');
insert into People (id,  commitment,  email,  first_name,  last_name,  phone,  PREFERRED_CONTACT_METHOD, username, password) values ('7a720fbd-1c2f-4bd3-9bbe-560230edb1d6', '', 'dkarpman40@livejournal.com', 'Dru', 'Karpman', '17604736713', 'Text', 'myUsername145', '$2a$12$lquUcgJRNvbrPWYPPp8rJ.91Bk8QFh.fGGeVZ5pb49cZTi.GHrJdy');
insert into People (id,  commitment,  email,  first_name,  last_name,  phone,  PREFERRED_CONTACT_METHOD, username, password) values ('c7e0650f-42e9-4a80-8356-f4ca7b62e703', '', 'kacres41@alibaba.com', 'Kenny', 'Acres', '17604736713', 'Text', 'myUsername146', '$2a$12$lquUcgJRNvbrPWYPPp8rJ.91Bk8QFh.fGGeVZ5pb49cZTi.GHrJdy');
insert into People (id,  commitment,  email,  first_name,  last_name,  phone,  PREFERRED_CONTACT_METHOD, username, password) values ('d5a49be8-e818-43cd-bf7d-e75310df8717', '', 'fmorl42@comcast.net', 'Felipe', 'Morl', '17604736713', 'Text', 'myUsername147', '$2a$12$lquUcgJRNvbrPWYPPp8rJ.91Bk8QFh.fGGeVZ5pb49cZTi.GHrJdy');
insert into People (id,  commitment,  email,  first_name,  last_name,  phone,  PREFERRED_CONTACT_METHOD, username, password) values ('168070b1-7e4a-485b-8f1e-d3d01957d64d', '', 'ngarwill43@dell.com', 'Netty', 'Garwill', '17604736713', 'Text', 'myUsername148', '$2a$12$lquUcgJRNvbrPWYPPp8rJ.91Bk8QFh.fGGeVZ5pb49cZTi.GHrJdy');
insert into People (id,  commitment,  email,  first_name,  last_name,  phone,  PREFERRED_CONTACT_METHOD, username, password) values ('37ee7778-4a07-4485-bfc0-8a1517c714db', '', 'dbahia44@quantcast.com', 'Daisie', 'Bahia', '17604736713', 'Text', 'myUsername149', '$2a$12$lquUcgJRNvbrPWYPPp8rJ.91Bk8QFh.fGGeVZ5pb49cZTi.GHrJdy');
insert into People (id,  commitment,  email,  first_name,  last_name,  phone,  PREFERRED_CONTACT_METHOD, username, password) values ('32a9e341-5ce6-451b-b77d-790c67be23e0', '', 'pboobier45@people.com.cn', 'Pierce', 'Boobier', '17604736713', 'Text', 'myUsername150', '$2a$12$lquUcgJRNvbrPWYPPp8rJ.91Bk8QFh.fGGeVZ5pb49cZTi.GHrJdy');
insert into People (id,  commitment,  email,  first_name,  last_name,  phone,  PREFERRED_CONTACT_METHOD, username, password) values ('b366b4cc-b0fd-4add-bc01-7673e3a098b6', '', 'aaltamirano46@cmu.edu', 'Alvan', 'Altamirano', '17604736713', 'Text', 'myUsername151', '$2a$12$lquUcgJRNvbrPWYPPp8rJ.91Bk8QFh.fGGeVZ5pb49cZTi.GHrJdy');
insert into People (id,  commitment,  email,  first_name,  last_name,  phone,  PREFERRED_CONTACT_METHOD, username, password) values ('f38c493e-5205-45ed-9793-77513ef73463', '', 'bmckimm47@chron.com', 'Bridie', 'McKimm', '17604736713', 'Text', 'myUsername152', '$2a$12$lquUcgJRNvbrPWYPPp8rJ.91Bk8QFh.fGGeVZ5pb49cZTi.GHrJdy');
insert into People (id,  commitment,  email,  first_name,  last_name,  phone,  PREFERRED_CONTACT_METHOD, username, password) values ('126203b7-d7bd-4dc3-8ec5-8909591a997f', '', 'ctillard48@biglobe.ne.jp', 'Calida', 'Tillard', '17604736713', 'Text', 'myUsername153', '$2a$12$lquUcgJRNvbrPWYPPp8rJ.91Bk8QFh.fGGeVZ5pb49cZTi.GHrJdy');
insert into People (id,  commitment,  email,  first_name,  last_name,  phone,  PREFERRED_CONTACT_METHOD, username, password) values ('4e567f39-9934-4646-8e6f-934dc4bf7aad', '', 'itreher49@state.tx.us', 'Isidro', 'Treher', '17604736713', 'Text', 'myUsername154', '$2a$12$lquUcgJRNvbrPWYPPp8rJ.91Bk8QFh.fGGeVZ5pb49cZTi.GHrJdy');
insert into People (id,  commitment,  email,  first_name,  last_name,  phone,  PREFERRED_CONTACT_METHOD, username, password) values ('de03bc7d-ed3b-4860-8b00-363096b15b6c', '', 'sderisley4a@uol.com.br', 'Sebastian', 'Derisley', '17604736713', 'Text', 'myUsername155', '$2a$12$lquUcgJRNvbrPWYPPp8rJ.91Bk8QFh.fGGeVZ5pb49cZTi.GHrJdy');
insert into People (id,  commitment,  email,  first_name,  last_name,  phone,  PREFERRED_CONTACT_METHOD, username, password) values ('a457c50d-33c4-4793-b17a-682ee03639d9', '', 'mbaudrey4b@unblog.fr', 'Mariellen', 'Baudrey', '17604736713', 'Text', 'myUsername156', '$2a$12$lquUcgJRNvbrPWYPPp8rJ.91Bk8QFh.fGGeVZ5pb49cZTi.GHrJdy');
insert into People (id,  commitment,  email,  first_name,  last_name,  phone,  PREFERRED_CONTACT_METHOD, username, password) values ('877a8531-1ce0-445a-955f-554c1ed8ee46', '', 'aschurig4c@irs.gov', 'Annis', 'Schurig', '17604736713', 'Text', 'myUsername157', '$2a$12$lquUcgJRNvbrPWYPPp8rJ.91Bk8QFh.fGGeVZ5pb49cZTi.GHrJdy');
insert into People (id,  commitment,  email,  first_name,  last_name,  phone,  PREFERRED_CONTACT_METHOD, username, password) values ('e4562a2a-09d2-41e3-9d71-846f3c1974d6', '', 'ldreus4d@purevolume.com', 'Leslie', 'Dreus', '17604736713', 'Text', 'myUsername158', '$2a$12$lquUcgJRNvbrPWYPPp8rJ.91Bk8QFh.fGGeVZ5pb49cZTi.GHrJdy');
insert into People (id,  commitment,  email,  first_name,  last_name,  phone,  PREFERRED_CONTACT_METHOD, username, password) values ('640fb701-4222-4696-bda8-ff10c629f915', '', 'ddootson4e@posterous.com', 'Dix', 'Dootson', '17604736713', 'Text', 'myUsername159', '$2a$12$lquUcgJRNvbrPWYPPp8rJ.91Bk8QFh.fGGeVZ5pb49cZTi.GHrJdy');
insert into People (id,  commitment,  email,  first_name,  last_name,  phone,  PREFERRED_CONTACT_METHOD, username, password) values ('a682cf69-e959-4b42-a268-7d7ab723340a', '', 'aspraggs4f@goodreads.com', 'Alejandrina', 'Spraggs', '17604736713', 'Text', 'myUsername160', '$2a$12$lquUcgJRNvbrPWYPPp8rJ.91Bk8QFh.fGGeVZ5pb49cZTi.GHrJdy');
insert into People (id,  commitment,  email,  first_name,  last_name,  phone,  PREFERRED_CONTACT_METHOD, username, password) values ('171c710f-147e-45d3-884b-facc41460b50', '', 'bculverhouse4g@sciencedaily.com', 'Beckie', 'Culverhouse', '17604736713', 'Text', 'myUsername161', '$2a$12$lquUcgJRNvbrPWYPPp8rJ.91Bk8QFh.fGGeVZ5pb49cZTi.GHrJdy');
insert into People (id,  commitment,  email,  first_name,  last_name,  phone,  PREFERRED_CONTACT_METHOD, username, password) values ('613e59ba-3bc9-4866-974d-a1deb79520ed', '', 'alammerding4h@cbc.ca', 'Ashlee', 'Lammerding', '17604736713', 'Text', 'myUsername162', '$2a$12$lquUcgJRNvbrPWYPPp8rJ.91Bk8QFh.fGGeVZ5pb49cZTi.GHrJdy');
insert into People (id,  commitment,  email,  first_name,  last_name,  phone,  PREFERRED_CONTACT_METHOD, username, password) values ('ca13904e-dfee-4281-9548-60ad1c820efd', '', 'mfieldstone4i@ning.com', 'Muffin', 'Fieldstone', '17604736713', 'Text', 'myUsername163', '$2a$12$lquUcgJRNvbrPWYPPp8rJ.91Bk8QFh.fGGeVZ5pb49cZTi.GHrJdy');
insert into People (id,  commitment,  email,  first_name,  last_name,  phone,  PREFERRED_CONTACT_METHOD, username, password) values ('a1851dc9-2aad-4e56-a753-fd8558ee83c6', '', 'jburrell4j@gizmodo.com', 'Jourdan', 'Burrell', '17604736713', 'Text', 'myUsername164', '$2a$12$lquUcgJRNvbrPWYPPp8rJ.91Bk8QFh.fGGeVZ5pb49cZTi.GHrJdy');
insert into People (id,  commitment,  email,  first_name,  last_name,  phone,  PREFERRED_CONTACT_METHOD, username, password) values ('9a03f5d2-7bd8-4971-a778-48554906616e', '', 'cdeek4k@over-blog.com', 'Clare', 'Deek', '17604736713', 'Text', 'myUsername165', '$2a$12$lquUcgJRNvbrPWYPPp8rJ.91Bk8QFh.fGGeVZ5pb49cZTi.GHrJdy');
insert into People (id,  commitment,  email,  first_name,  last_name,  phone,  PREFERRED_CONTACT_METHOD, username, password) values ('7ec571f0-a1fe-4150-8b51-e6089613bbd0', '', 'adeners4l@quantcast.com', 'Adham', 'Deners', '17604736713', 'Text', 'myUsername166', '$2a$12$lquUcgJRNvbrPWYPPp8rJ.91Bk8QFh.fGGeVZ5pb49cZTi.GHrJdy');
insert into People (id,  commitment,  email,  first_name,  last_name,  phone,  PREFERRED_CONTACT_METHOD, username, password) values ('724efe35-ac79-4fcc-af53-bb30c1d8f1e5', '', 'jswatridge4m@gravatar.com', 'Jacinthe', 'Swatridge', '17604736713', 'Text', 'myUsername167', '$2a$12$lquUcgJRNvbrPWYPPp8rJ.91Bk8QFh.fGGeVZ5pb49cZTi.GHrJdy');
insert into People (id,  commitment,  email,  first_name,  last_name,  phone,  PREFERRED_CONTACT_METHOD, username, password) values ('d5f6fd9a-5995-4b45-86dc-acfed4e07a33', '', 'cspeakman4n@amazon.co.jp', 'Chancey', 'Speakman', '17634736713', 'Text', 'myUsername168', '$2a$12$lquUcgJRNvbrPWYPPp8rJ.91Bk8QFh.fGGeVZ5pb49cZTi.GHrJdy');
insert into People (id,  commitment,  email,  first_name,  last_name,  phone,  PREFERRED_CONTACT_METHOD, username, password) values ('8753cb72-d7e1-4813-9915-4bd78b3c41e8', '', 'gpersian4o@ebay.com', 'Georgeta', 'Persian', '17604736713', 'Text', 'myUsername169', '$2a$12$lquUcgJRNvbrPWYPPp8rJ.91Bk8QFh.fGGeVZ5pb49cZTi.GHrJdy');
insert into People (id,  commitment,  email,  first_name,  last_name,  phone,  PREFERRED_CONTACT_METHOD, username, password) values ('337ba1a9-ffe1-4308-9630-1ffa95bc2394', '', 'tstatton4p@cnn.com', 'Townsend', 'Statton', '17604736713', 'Text', 'myUsername170', '$2a$12$lquUcgJRNvbrPWYPPp8rJ.91Bk8QFh.fGGeVZ5pb49cZTi.GHrJdy');
insert into People (id,  commitment,  email,  first_name,  last_name,  phone,  PREFERRED_CONTACT_METHOD, username, password) values ('44fea0a5-59b5-4262-a37c-d67d18d5b091', '', 'sfragino4q@vkontakte.ru', 'Selma', 'Fragino', '17604736713', 'Text', 'myUsername171', '$2a$12$lquUcgJRNvbrPWYPPp8rJ.91Bk8QFh.fGGeVZ5pb49cZTi.GHrJdy');
insert into People (id,  commitment,  email,  first_name,  last_name,  phone,  PREFERRED_CONTACT_METHOD, username, password) values ('c0a231db-7f8c-430c-a025-b70758f4abc2', '', 'kdominique4r@printfriendly.com', 'Kassandra', 'Dominique', '17604736713', 'Text', 'myUsername172', '$2a$12$lquUcgJRNvbrPWYPPp8rJ.91Bk8QFh.fGGeVZ5pb49cZTi.GHrJdy');
insert into People (id,  commitment,  email,  first_name,  last_name,  phone,  PREFERRED_CONTACT_METHOD, username, password) values ('729c603d-1a90-4f2b-8268-e8bbb1abda58', '', 'icleft4s@jiathis.com', 'Ivan', 'Cleft', '17604736713', 'Text', 'myUsername173', '$2a$12$lquUcgJRNvbrPWYPPp8rJ.91Bk8QFh.fGGeVZ5pb49cZTi.GHrJdy');
insert into People (id,  commitment,  email,  first_name,  last_name,  phone,  PREFERRED_CONTACT_METHOD, username, password) values ('0a8f052d-cef5-4cd9-aa68-59080785427f', '', 'cswinn4t@digg.com', 'Chevy', 'Swinn', '17604736713', 'Text', 'myUsername174', '$2a$12$lquUcgJRNvbrPWYPPp8rJ.91Bk8QFh.fGGeVZ5pb49cZTi.GHrJdy');
insert into People (id,  commitment,  email,  first_name,  last_name,  phone,  PREFERRED_CONTACT_METHOD, username, password) values ('0592339e-b55c-43b7-a2df-b4fe0e41cf55', '', 'mjosefs4u@forbes.com', 'Maia', 'Josefs', '17604736713', 'Text', 'myUsername175', '$2a$12$lquUcgJRNvbrPWYPPp8rJ.91Bk8QFh.fGGeVZ5pb49cZTi.GHrJdy');
insert into People (id,  commitment,  email,  first_name,  last_name,  phone,  PREFERRED_CONTACT_METHOD, username, password) values ('bc1d3076-49b8-41cd-b25c-91a7fa9e8d72', '', 'kjovic4v@who.int', 'Kial', 'Jovic', '17604736713', 'Text', 'myUsername176', '$2a$12$lquUcgJRNvbrPWYPPp8rJ.91Bk8QFh.fGGeVZ5pb49cZTi.GHrJdy');
insert into People (id,  commitment,  email,  first_name,  last_name,  phone,  PREFERRED_CONTACT_METHOD, username, password) values ('32a2341f-23c3-43af-b689-0a8fa467f8ed', '', 'ssanday4w@edublogs.org', 'Sandi', 'Sanday', '17604736713', 'Text', 'myUsername177', '$2a$12$lquUcgJRNvbrPWYPPp8rJ.91Bk8QFh.fGGeVZ5pb49cZTi.GHrJdy');
insert into People (id,  commitment,  email,  first_name,  last_name,  phone,  PREFERRED_CONTACT_METHOD, username, password) values ('dc81a95d-af6a-4103-a50f-94ab46be3274', '', 'conraet4x@google.cn', 'Chester', 'Onraet', '17604736713', 'Text', 'myUsername178', '$2a$12$lquUcgJRNvbrPWYPPp8rJ.91Bk8QFh.fGGeVZ5pb49cZTi.GHrJdy');
insert into People (id,  commitment,  email,  first_name,  last_name,  phone,  PREFERRED_CONTACT_METHOD, username, password) values ('bac9b1db-43fb-45ee-ae25-4b553316a001', '', 'mcasburn4y@bloglines.com', 'Mavra', 'Casburn', '17604736713', 'Text', 'myUsername179', '$2a$12$lquUcgJRNvbrPWYPPp8rJ.91Bk8QFh.fGGeVZ5pb49cZTi.GHrJdy');
insert into People (id,  commitment,  email,  first_name,  last_name,  phone,  PREFERRED_CONTACT_METHOD, username, password) values ('0de95ad1-ad4d-40bf-a42d-88e6e883c110', '', 'rfeehily4z@fema.gov', 'Ricky', 'Feehily', '17604736713', 'Text', 'myUsername180', '$2a$12$lquUcgJRNvbrPWYPPp8rJ.91Bk8QFh.fGGeVZ5pb49cZTi.GHrJdy');
insert into People (id,  commitment,  email,  first_name,  last_name,  phone,  PREFERRED_CONTACT_METHOD, username, password) values ('bb65546b-8c1f-438f-b90b-811bf14caebe', '', 'mmacgillacolm50@godaddy.com', 'Morgana', 'MacGillacolm', '17604736713', 'Text', 'myUsername180', '$2a$12$lquUcgJRNvbrPWYPPp8rJ.91Bk8QFh.fGGeVZ5pb49cZTi.GHrJdy');
insert into People (id,  commitment,  email,  first_name,  last_name,  phone,  PREFERRED_CONTACT_METHOD, username, password) values ('b7c682d7-1dc1-4ba5-b165-526a8b209d98', '', 'gfatscher51@domainmarket.com', 'Gregoor', 'Fatscher', '17604736713', 'Text', 'myUsername181', '$2a$12$lquUcgJRNvbrPWYPPp8rJ.91Bk8QFh.fGGeVZ5pb49cZTi.GHrJdy');
insert into People (id,  commitment,  email,  first_name,  last_name,  phone,  PREFERRED_CONTACT_METHOD, username, password) values ('c6dc80aa-d747-452d-8f6b-665f25bd92e8', '', 'fbehling52@lycos.com', 'Feodora', 'Behling', '17604736713', 'Text', 'myUsername182', '$2a$12$lquUcgJRNvbrPWYPPp8rJ.91Bk8QFh.fGGeVZ5pb49cZTi.GHrJdy');
insert into People (id,  commitment,  email,  first_name,  last_name,  phone,  PREFERRED_CONTACT_METHOD, username, password) values ('aaa816ff-32ee-447a-98a8-5ff09391e33d', '', 'jhexam53@prlog.org', 'Jermayne', 'Hexam', '17604736713', 'Text', 'myUsername183', '$2a$12$lquUcgJRNvbrPWYPPp8rJ.91Bk8QFh.fGGeVZ5pb49cZTi.GHrJdy');
insert into People (id,  commitment,  email,  first_name,  last_name,  phone,  PREFERRED_CONTACT_METHOD, username, password) values ('c0f1ccb4-e8a9-46e6-9c24-e3152f724a95', '', 'rmaplethorp54@linkedin.com', 'Rollie', 'Maplethorp', '17604736713', 'Text', 'myUsername184', '$2a$12$lquUcgJRNvbrPWYPPp8rJ.91Bk8QFh.fGGeVZ5pb49cZTi.GHrJdy');
insert into People (id,  commitment,  email,  first_name,  last_name,  phone,  PREFERRED_CONTACT_METHOD, username, password) values ('f95464b3-1528-4ec2-b0bc-56a6aaac265b', '', 'hbonifazio55@linkedin.com', 'Hildagarde', 'Bonifazio', '17604736713', 'Text', 'myUsername185', '$2a$12$lquUcgJRNvbrPWYPPp8rJ.91Bk8QFh.fGGeVZ5pb49cZTi.GHrJdy');
insert into People (id,  commitment,  email,  first_name,  last_name,  phone,  PREFERRED_CONTACT_METHOD, username, password) values ('7e3aca5c-98bf-4549-a5ab-eb0cf4123029', '', 'aquaife56@google.nl', 'Alexine', 'Quaife', '17604736713', 'Text', 'myUsername186', '$2a$12$lquUcgJRNvbrPWYPPp8rJ.91Bk8QFh.fGGeVZ5pb49cZTi.GHrJdy');
insert into People (id,  commitment,  email,  first_name,  last_name,  phone,  PREFERRED_CONTACT_METHOD, username, password) values ('1eb4a04a-a2c8-4f02-9500-b1df6efa30f4', '', 'tdymoke57@phpbb.com', 'Teador', 'Dymoke', '17604736713', 'Text', 'myUsername187', '$2a$12$lquUcgJRNvbrPWYPPp8rJ.91Bk8QFh.fGGeVZ5pb49cZTi.GHrJdy');
insert into People (id,  commitment,  email,  first_name,  last_name,  phone,  PREFERRED_CONTACT_METHOD, username, password) values ('ad8aa328-638d-4468-bc8a-ea8d46feb7a1', '', 'bmacavaddy58@un.org', 'Bryce', 'MacAvaddy', '17604736713', 'Text', 'myUsername188', '$2a$12$lquUcgJRNvbrPWYPPp8rJ.91Bk8QFh.fGGeVZ5pb49cZTi.GHrJdy');
insert into People (id,  commitment,  email,  first_name,  last_name,  phone,  PREFERRED_CONTACT_METHOD, username, password) values ('df2865d5-139a-4712-ba57-ddbebc8f14b8', '', 'rbernot59@wired.com', 'Renado', 'Bernot', '17604736713', 'Text', 'myUsername189', '$2a$12$lquUcgJRNvbrPWYPPp8rJ.91Bk8QFh.fGGeVZ5pb49cZTi.GHrJdy');
insert into People (id,  commitment,  email,  first_name,  last_name,  phone,  PREFERRED_CONTACT_METHOD, username, password) values ('fba05796-00e3-4ff9-9eca-9f83b00ab7f2', '', 'sgrigorushkin5a@engadget.com', 'Siffre', 'Grigorushkin', '17604736713', 'Text', 'myUsername190', '$2a$12$lquUcgJRNvbrPWYPPp8rJ.91Bk8QFh.fGGeVZ5pb49cZTi.GHrJdy');
insert into People (id,  commitment,  email,  first_name,  last_name,  phone,  PREFERRED_CONTACT_METHOD, username, password) values ('2cb2f62a-519d-4256-ad40-5577ac31a119', '', 'tmcgerr5b@people.com.cn', 'Towney', 'McGerr', '17604736713', 'Text', 'myUsername191', '$2a$12$lquUcgJRNvbrPWYPPp8rJ.91Bk8QFh.fGGeVZ5pb49cZTi.GHrJdy');
insert into People (id,  commitment,  email,  first_name,  last_name,  phone,  PREFERRED_CONTACT_METHOD, username, password) values ('1331999f-f403-4689-8742-759f48910289', '', 'wdrummond5c@patch.com', 'Wildon', 'Drummond', '17604736713', 'Text', 'myUsername192', '$2a$12$lquUcgJRNvbrPWYPPp8rJ.91Bk8QFh.fGGeVZ5pb49cZTi.GHrJdy');
insert into People (id,  commitment,  email,  first_name,  last_name,  phone,  PREFERRED_CONTACT_METHOD, username, password) values ('1e677c3a-f779-4859-adc7-1e39f8d7b404', '', 'npren5d@thetimes.co.uk', 'Neala', 'Pren', '17604736713', 'Text', 'myUsername193', '$2a$12$lquUcgJRNvbrPWYPPp8rJ.91Bk8QFh.fGGeVZ5pb49cZTi.GHrJdy');
insert into People (id,  commitment,  email,  first_name,  last_name,  phone,  PREFERRED_CONTACT_METHOD, username, password) values ('576e833b-1838-46a7-a67c-86880bfc6d8e', '', 'mbilbey5e@unicef.org', 'Maryl', 'Bilbey', '17604736713', 'Text', 'myUsername194', '$2a$12$lquUcgJRNvbrPWYPPp8rJ.91Bk8QFh.fGGeVZ5pb49cZTi.GHrJdy');
insert into People (id,  commitment,  email,  first_name,  last_name,  phone,  PREFERRED_CONTACT_METHOD, username, password) values ('983a14ec-d048-4e9e-af1b-baac634a0cd2', '', 'jibbitson5f@list-manage.com', 'Jon', 'Ibbitson', '17604736713', 'Text', 'myUsername195', '$2a$12$lquUcgJRNvbrPWYPPp8rJ.91Bk8QFh.fGGeVZ5pb49cZTi.GHrJdy');
insert into People (id,  commitment,  email,  first_name,  last_name,  phone,  PREFERRED_CONTACT_METHOD, username, password) values ('ed15b5b2-2c1c-4d85-aef2-53563a1cdbff', '', 'avigors5g@npr.org', 'Allyce', 'Vigors', '17604736713', 'Text', 'myUsername196', '$2a$12$lquUcgJRNvbrPWYPPp8rJ.91Bk8QFh.fGGeVZ5pb49cZTi.GHrJdy');
insert into People (id,  commitment,  email,  first_name,  last_name,  phone,  PREFERRED_CONTACT_METHOD, username, password) values ('1581cae4-df7a-440e-920c-c612098c96da', '', 'cgreatorex5h@unc.edu', 'Carline', 'Greatorex', '17604736713', 'Text', 'myUsername197', '$2a$12$lquUcgJRNvbrPWYPPp8rJ.91Bk8QFh.fGGeVZ5pb49cZTi.GHrJdy');
insert into People (id,  commitment,  email,  first_name,  last_name,  phone,  PREFERRED_CONTACT_METHOD, username, password) values ('07bffe8f-ea97-4bfd-9e73-142c2161e45d', '', 'hknights5i@merriam-webster.com', 'Hayes', 'Knights', '17604736713', 'Text', 'myUsername198', '$2a$12$lquUcgJRNvbrPWYPPp8rJ.91Bk8QFh.fGGeVZ5pb49cZTi.GHrJdy');
insert into People (id,  commitment,  email,  first_name,  last_name,  phone,  PREFERRED_CONTACT_METHOD, username, password) values ('06d4c43c-65bd-4b31-8cc0-26e3637cfaca', '', 'apren5j@list-manage.com', 'Aldo', 'Pren', '17604736713', 'Text', 'myUsername199', '$2a$12$lquUcgJRNvbrPWYPPp8rJ.91Bk8QFh.fGGeVZ5pb49cZTi.GHrJdy');
insert into People (id,  commitment,  email,  first_name,  last_name,  phone,  PREFERRED_CONTACT_METHOD, username, password) values ('abb4a997-4083-4f2c-a4e7-12b36dd486e8', '', 'asolano5k@diigo.com', 'Alfonse', 'Solano', '17604736713', 'Text', 'myUsername200', '$2a$12$lquUcgJRNvbrPWYPPp8rJ.91Bk8QFh.fGGeVZ5pb49cZTi.GHrJdy');
insert into People (id,  commitment,  email,  first_name,  last_name,  phone,  PREFERRED_CONTACT_METHOD, username, password) values ('b4420ae0-9560-4cf2-8df1-c60b00d6da64', '', 'vkeary5l@prlog.org', 'Vernen', 'Keary', '17604736713', 'Text', 'myUsername201', '$2a$12$lquUcgJRNvbrPWYPPp8rJ.91Bk8QFh.fGGeVZ5pb49cZTi.GHrJdy');
insert into People (id,  commitment,  email,  first_name,  last_name,  phone,  PREFERRED_CONTACT_METHOD, username, password) values ('da72fa5d-0927-419b-80c1-c7911089ee0f', '', 'fgeratasch5m@xinhuanet.com', 'Filide', 'Geratasch', '17604736713', 'Text', 'myUsername202', '$2a$12$lquUcgJRNvbrPWYPPp8rJ.91Bk8QFh.fGGeVZ5pb49cZTi.GHrJdy');
insert into People (id,  commitment,  email,  first_name,  last_name,  phone,  PREFERRED_CONTACT_METHOD, username, password) values ('ce35160e-33f6-41d8-b593-3c004921d906', '', 'jpuckring5n@skyrock.com', 'Jasmina', 'Puckring', '17604736713', 'Text', 'myUsername203', '$2a$12$lquUcgJRNvbrPWYPPp8rJ.91Bk8QFh.fGGeVZ5pb49cZTi.GHrJdy');
insert into People (id,  commitment,  email,  first_name,  last_name,  phone,  PREFERRED_CONTACT_METHOD, username, password) values ('9f2bff4f-d285-478e-bfc4-0cbc4d643407', '', 'bsurphliss5o@blogger.com', 'Bran', 'Surphliss', '17604736713', 'Text', 'myUsername204', '$2a$12$lquUcgJRNvbrPWYPPp8rJ.91Bk8QFh.fGGeVZ5pb49cZTi.GHrJdy');
insert into People (id,  commitment,  email,  first_name,  last_name,  phone,  PREFERRED_CONTACT_METHOD, username, password) values ('819f6fcc-97ef-488a-bc8f-5ec7906f03e7', '', 'jaslen5p@squarespace.com', 'Jeannie', 'Aslen', '17604736713', 'Text', 'myUsername205', '$2a$12$lquUcgJRNvbrPWYPPp8rJ.91Bk8QFh.fGGeVZ5pb49cZTi.GHrJdy');
insert into People (id,  commitment,  email,  first_name,  last_name,  phone,  PREFERRED_CONTACT_METHOD, username, password) values ('af42d5bd-0732-44ce-add1-063ee61823f5', '', 'alorincz5q@constantcontact.com', 'Alonzo', 'Lorincz', '17604736713', 'Text', 'myUsername206', '$2a$12$lquUcgJRNvbrPWYPPp8rJ.91Bk8QFh.fGGeVZ5pb49cZTi.GHrJdy');
insert into People (id,  commitment,  email,  first_name,  last_name,  phone,  PREFERRED_CONTACT_METHOD, username, password) values ('ea66d9d4-82b9-4696-851e-6ecc45aafc24', '', 'aniemetz5r@e-recht24.de', 'Amalia', 'Niemetz', '17604736713', 'Text', 'myUsername207', '$2a$12$lquUcgJRNvbrPWYPPp8rJ.91Bk8QFh.fGGeVZ5pb49cZTi.GHrJdy');
insert into People (id,  commitment,  email,  first_name,  last_name,  phone,  PREFERRED_CONTACT_METHOD, username, password) values ('2e1ccdf0-7389-4fc0-85c6-f8c517bf4de0', '', 'agianilli5s@cyberchimps.com', 'Adoree', 'Gianilli', '17604736713', 'Text', 'myUsername208', '$2a$12$lquUcgJRNvbrPWYPPp8rJ.91Bk8QFh.fGGeVZ5pb49cZTi.GHrJdy');
insert into People (id,  commitment,  email,  first_name,  last_name,  phone,  PREFERRED_CONTACT_METHOD, username, password) values ('a4bfea44-f438-4da2-8507-2d00b5767c45', '', 'bclutheram5t@oakley.com', 'Bendix', 'Clutheram', '17604736713', 'Text', 'myUsername209', '$2a$12$lquUcgJRNvbrPWYPPp8rJ.91Bk8QFh.fGGeVZ5pb49cZTi.GHrJdy');
insert into People (id,  commitment,  email,  first_name,  last_name,  phone,  PREFERRED_CONTACT_METHOD, username, password) values ('9dcfcfe3-1de3-4241-b055-0553b6d07796', '', 'lphilcott5u@dagondesign.com', 'Lyndsie', 'Philcott', '17604736713', 'Text', 'myUsername210', '$2a$12$lquUcgJRNvbrPWYPPp8rJ.91Bk8QFh.fGGeVZ5pb49cZTi.GHrJdy');
insert into People (id,  commitment,  email,  first_name,  last_name,  phone,  PREFERRED_CONTACT_METHOD, username, password) values ('ea50a363-737e-4792-8ab8-b0c122b84273', '', 'kcaherny5v@ovh.net', 'Kipper', 'Caherny', '17604736713', 'Text', 'myUsername211', '$2a$12$lquUcgJRNvbrPWYPPp8rJ.91Bk8QFh.fGGeVZ5pb49cZTi.GHrJdy');
insert into People (id,  commitment,  email,  first_name,  last_name,  phone,  PREFERRED_CONTACT_METHOD, username, password) values ('6426684e-439e-4fd4-af76-64594849d26b', '', 'rzaczek5w@vkontakte.ru', 'Ramsey', 'Zaczek', '17604736713', 'Text', 'myUsername212', '$2a$12$lquUcgJRNvbrPWYPPp8rJ.91Bk8QFh.fGGeVZ5pb49cZTi.GHrJdy');
insert into People (id,  commitment,  email,  first_name,  last_name,  phone,  PREFERRED_CONTACT_METHOD, username, password) values ('aecac7dc-3419-4421-a794-33aa35789da3', '', 'mtweed5x@mlb.com', 'Mab', 'Tweed', '17604736713', 'Text', 'myUsername213', '$2a$12$lquUcgJRNvbrPWYPPp8rJ.91Bk8QFh.fGGeVZ5pb49cZTi.GHrJdy');
insert into People (id,  commitment,  email,  first_name,  last_name,  phone,  PREFERRED_CONTACT_METHOD, username, password) values ('2886f8a3-c534-49e0-820a-80b58043ef67', '', 'pfish5y@fc2.com', 'Pippa', 'Fish', '17604736713', 'Text', 'myUsername214', '$2a$12$lquUcgJRNvbrPWYPPp8rJ.91Bk8QFh.fGGeVZ5pb49cZTi.GHrJdy');
insert into People (id,  commitment,  email,  first_name,  last_name,  phone,  PREFERRED_CONTACT_METHOD, username, password) values ('c0e658c2-a78e-4ecd-805c-be9181211b75', '', 'gvinck5z@seattletimes.com', 'Gussie', 'Vinck', '17604736713', 'Text', 'myUsername215', '$2a$12$lquUcgJRNvbrPWYPPp8rJ.91Bk8QFh.fGGeVZ5pb49cZTi.GHrJdy');
insert into People (id,  commitment,  email,  first_name,  last_name,  phone,  PREFERRED_CONTACT_METHOD, username, password) values ('8a11bc1d-d581-439b-a434-94850692431d', '', 'tfills60@homestead.com', 'Teddi', 'Fills', '17604736713', 'Text', 'myUsername216', '$2a$12$lquUcgJRNvbrPWYPPp8rJ.91Bk8QFh.fGGeVZ5pb49cZTi.GHrJdy');
insert into People (id,  commitment,  email,  first_name,  last_name,  phone,  PREFERRED_CONTACT_METHOD, username, password) values ('73bed53c-7327-4afe-8930-c87dd6e56aef', '', 'imollon61@china.com.cn', 'Israel', 'Mollon', '17604736713', 'Text', 'myUsername217', '$2a$12$lquUcgJRNvbrPWYPPp8rJ.91Bk8QFh.fGGeVZ5pb49cZTi.GHrJdy');
insert into People (id,  commitment,  email,  first_name,  last_name,  phone,  PREFERRED_CONTACT_METHOD, username, password) values ('c7b25ef7-d5ce-44dd-bd12-ec64c72d7aec', '', 'amangenet62@tmall.com', 'Albrecht', 'Mangenet', '17604736713', 'Text', 'myUsername218', '$2a$12$lquUcgJRNvbrPWYPPp8rJ.91Bk8QFh.fGGeVZ5pb49cZTi.GHrJdy');
insert into People (id,  commitment,  email,  first_name,  last_name,  phone,  PREFERRED_CONTACT_METHOD, username, password) values ('ceeac809-4e5c-4934-b160-2e56680c2a1a', '', 'ibeasley63@eventbrite.com', 'Indira', 'Beasley', '17604736713', 'Text', 'myUsername219', '$2a$12$lquUcgJRNvbrPWYPPp8rJ.91Bk8QFh.fGGeVZ5pb49cZTi.GHrJdy');
insert into People (id,  commitment,  email,  first_name,  last_name,  phone,  PREFERRED_CONTACT_METHOD, username, password) values ('fb10d541-e982-4e23-a472-f09747575c87', '', 'mpoolton64@blinklist.com', 'Melissa', 'Poolton', '17604736713', 'Text', 'myUsername230', '$2a$12$lquUcgJRNvbrPWYPPp8rJ.91Bk8QFh.fGGeVZ5pb49cZTi.GHrJdy');
insert into People (id,  commitment,  email,  first_name,  last_name,  phone,  PREFERRED_CONTACT_METHOD, username, password) values ('02a58a08-0741-4c10-880b-dc7d70785458', '', 'eprujean65@amazon.co.uk', 'Evered', 'Prujean', '17604736713', 'Email', 'myUsername233', '$2a$12$lquUcgJRNvbrPWYPPp8rJ.91Bk8QFh.fGGeVZ5pb49cZTi.GHrJdy');
insert into People (id,  commitment,  email,  first_name,  last_name,  phone,  PREFERRED_CONTACT_METHOD, username, password) values ('d5b84cc6-e437-4a75-b3ad-79bd19a3f8be', '', 'csaward66@wiley.com', 'Carolina', 'Saward', '17604736713', 'Email', 'myUsername233', '$2a$12$lquUcgJRNvbrPWYPPp8rJ.91Bk8QFh.fGGeVZ5pb49cZTi.GHrJdy');
insert into People (id,  commitment,  email,  first_name,  last_name,  phone,  PREFERRED_CONTACT_METHOD, username, password) values ('b2fb0f3e-8d66-4502-a8a3-c0f2dd1f70bc', '', 'ccudde67@sphinn.com', 'Cleve', 'Cudde', '17604736713', 'Email', 'myUsername233', '$2a$12$lquUcgJRNvbrPWYPPp8rJ.91Bk8QFh.fGGeVZ5pb49cZTi.GHrJdy');
insert into People (id,  commitment,  email,  first_name,  last_name,  phone,  PREFERRED_CONTACT_METHOD, username, password) values ('3dea36d5-924a-4553-98e0-58c7a61d5d22', '', 'sings68@redcross.org', 'Sheridan', 'Ings', '17604736713', 'Email', 'myUsername234', '$2a$12$lquUcgJRNvbrPWYPPp8rJ.91Bk8QFh.fGGeVZ5pb49cZTi.GHrJdy');
insert into People (id,  commitment,  email,  first_name,  last_name,  phone,  PREFERRED_CONTACT_METHOD, username, password) values ('50b0c519-e826-4ad0-84ec-c64026e87612', '', 'tsate69@bloglines.com', 'Tiffie', 'Sate', '17604736713', 'Email', 'myUsername235', '$2a$12$lquUcgJRNvbrPWYPPp8rJ.91Bk8QFh.fGGeVZ5pb49cZTi.GHrJdy');
insert into People (id,  commitment,  email,  first_name,  last_name,  phone,  PREFERRED_CONTACT_METHOD, username, password) values ('579d404e-52fe-43bf-9887-1b4af2f043e6', '', 'aoduane6a@nyu.edu', 'Aubrette', 'O''Duane', '17604736713', 'Email', 'myUsername236', '$2a$12$lquUcgJRNvbrPWYPPp8rJ.91Bk8QFh.fGGeVZ5pb49cZTi.GHrJdy');
insert into People (id,  commitment,  email,  first_name,  last_name,  phone,  PREFERRED_CONTACT_METHOD, username, password) values ('880d3f97-7e8a-4129-9de4-f38fc2db0bee', '', 'opennetti6b@dot.gov', 'Odetta', 'Pennetti', '17604736713', 'Email', 'myUsername237', '$2a$12$lquUcgJRNvbrPWYPPp8rJ.91Bk8QFh.fGGeVZ5pb49cZTi.GHrJdy');
insert into People (id,  commitment,  email,  first_name,  last_name,  phone,  PREFERRED_CONTACT_METHOD, username, password) values ('a0ef39f0-34aa-42b9-9df3-2c0adc9b7bc1', '', 'cmacillrick6c@ftc.gov', 'Cary', 'MacIllrick', '17604736713', 'Email', 'myUsername238', '$2a$12$lquUcgJRNvbrPWYPPp8rJ.91Bk8QFh.fGGeVZ5pb49cZTi.GHrJdy');
insert into People (id,  commitment,  email,  first_name,  last_name,  phone,  PREFERRED_CONTACT_METHOD, username, password) values ('73abed3e-f9bc-46d4-838e-d0198cfd9692', '', 'rblinde6d@bbc.co.uk', 'Roby', 'Blinde', '17604736713', 'Email', 'myUsername239', '$2a$12$lquUcgJRNvbrPWYPPp8rJ.91Bk8QFh.fGGeVZ5pb49cZTi.GHrJdy');
insert into People (id,  commitment,  email,  first_name,  last_name,  phone,  PREFERRED_CONTACT_METHOD, username, password) values ('7eed7956-3733-45ab-b1d6-ced182043b7f', '', 'ashrubb6e@disqus.com', 'Ashby', 'Shrubb', '17604736713', 'Email', 'myUsername240', '$2a$12$lquUcgJRNvbrPWYPPp8rJ.91Bk8QFh.fGGeVZ5pb49cZTi.GHrJdy');
insert into People (id,  commitment,  email,  first_name,  last_name,  phone,  PREFERRED_CONTACT_METHOD, username, password) values ('647932c0-9787-48f5-942f-5904913ef55d', '', 'ayosifov6f@pen.io', 'Allan', 'Yosifov', '17604736713', 'Email', 'myUsername241', '$2a$12$lquUcgJRNvbrPWYPPp8rJ.91Bk8QFh.fGGeVZ5pb49cZTi.GHrJdy');
insert into People (id,  commitment,  email,  first_name,  last_name,  phone,  PREFERRED_CONTACT_METHOD, username, password) values ('71eabdf3-a72c-4d0a-ac5d-d98ecf8e24f9', '', 'rgaskamp6g@google.it', 'Raine', 'Gaskamp', '17604736713', 'Email', 'myUsername242', '$2a$12$lquUcgJRNvbrPWYPPp8rJ.91Bk8QFh.fGGeVZ5pb49cZTi.GHrJdy');
insert into People (id,  commitment,  email,  first_name,  last_name,  phone,  PREFERRED_CONTACT_METHOD, username, password) values ('4d3bff5e-b2ad-4d7a-be27-1ff3c52f901e', '', 'tsyratt6h@loc.gov', 'Talbot', 'Syratt', '17604736713', 'Email', 'myUsername243', '$2a$12$lquUcgJRNvbrPWYPPp8rJ.91Bk8QFh.fGGeVZ5pb49cZTi.GHrJdy');
insert into People (id,  commitment,  email,  first_name,  last_name,  phone,  PREFERRED_CONTACT_METHOD, username, password) values ('350d0393-5e2b-4d90-b296-d4de891c7490', '', 'bdinnies6i@quantcast.com', 'Brandy', 'Dinnies', '17604736713', 'Email', 'myUsername245', '$2a$12$lquUcgJRNvbrPWYPPp8rJ.91Bk8QFh.fGGeVZ5pb49cZTi.GHrJdy');
insert into People (id,  commitment,  email,  first_name,  last_name,  phone,  PREFERRED_CONTACT_METHOD, username, password) values ('b6dda17e-648b-4934-83ea-e6bd7cccca47', '', 'sred6j@tamu.edu', 'Sascha', 'Red', '17604736713', 'Email', 'myUsername244', '$2a$12$lquUcgJRNvbrPWYPPp8rJ.91Bk8QFh.fGGeVZ5pb49cZTi.GHrJdy');
insert into People (id,  commitment,  email,  first_name,  last_name,  phone,  PREFERRED_CONTACT_METHOD, username, password) values ('057ff2a9-9457-42eb-98c0-bac08e685d52', '', 'pmcauslene6k@friendfeed.com', 'Pearl', 'McAuslene', '17604736713', 'Email', 'myUsername246', '$2a$12$lquUcgJRNvbrPWYPPp8rJ.91Bk8QFh.fGGeVZ5pb49cZTi.GHrJdy');
insert into People (id,  commitment,  email,  first_name,  last_name,  phone,  PREFERRED_CONTACT_METHOD, username, password) values ('d25c6ff0-960e-4a66-91c5-6009b7fa09fa', '', 'reddolls6l@ehow.com', 'Rosamund', 'Eddolls', '17604736713', 'Email', 'myUsername247', '$2a$12$lquUcgJRNvbrPWYPPp8rJ.91Bk8QFh.fGGeVZ5pb49cZTi.GHrJdy');
insert into People (id,  commitment,  email,  first_name,  last_name,  phone,  PREFERRED_CONTACT_METHOD, username, password) values ('74432ad3-7ef3-4d9e-b5e5-4e60d4d1ee25', '', 'ccreak6m@squarespace.com', 'Con', 'Creak', '17604736713', 'Email', 'myUsername248', '$2a$12$lquUcgJRNvbrPWYPPp8rJ.91Bk8QFh.fGGeVZ5pb49cZTi.GHrJdy');
insert into People (id,  commitment,  email,  first_name,  last_name,  phone,  PREFERRED_CONTACT_METHOD, username, password) values ('48ddc579-95d5-4e94-a0eb-9eb2b387e523', '', 'lmacvaugh6n@feedburner.com', 'Lauralee', 'MacVaugh', '17604736713', 'Email', 'myUsername249', '$2a$12$lquUcgJRNvbrPWYPPp8rJ.91Bk8QFh.fGGeVZ5pb49cZTi.GHrJdy');
insert into People (id,  commitment,  email,  first_name,  last_name,  phone,  PREFERRED_CONTACT_METHOD, username, password) values ('88a44a9c-1af6-4689-84ba-7559fc5fd1d5', '', 'vrois6o@tripadvisor.com', 'Vivianne', 'Rois', '17604736713', 'Email', 'myUsername250', '$2a$12$lquUcgJRNvbrPWYPPp8rJ.91Bk8QFh.fGGeVZ5pb49cZTi.GHrJdy');
insert into People (id,  commitment,  email,  first_name,  last_name,  phone,  PREFERRED_CONTACT_METHOD, username, password) values ('e6fe0bf1-2d43-4879-9408-379cbd454d9b', '', 'jevill6p@skype.com', 'Jobye', 'Evill', '17604736713', 'Email', 'myUsername251', '$2a$12$lquUcgJRNvbrPWYPPp8rJ.91Bk8QFh.fGGeVZ5pb49cZTi.GHrJdy');
insert into People (id,  commitment,  email,  first_name,  last_name,  phone,  PREFERRED_CONTACT_METHOD, username, password) values ('610bb548-5c25-40f6-9910-72b0e2b43d60', '', 'clawlings6q@arstechnica.com', 'Corrine', 'Lawlings', '17604736713', 'Email', 'myUsername252', '$2a$12$lquUcgJRNvbrPWYPPp8rJ.91Bk8QFh.fGGeVZ5pb49cZTi.GHrJdy');
insert into People (id,  commitment,  email,  first_name,  last_name,  phone,  PREFERRED_CONTACT_METHOD, username, password) values ('52601bcc-3444-45d7-85dd-a89175bd9ae4', '', 'grudolfer6r@soundcloud.com', 'Grantham', 'Rudolfer', '17604736713', 'Email', 'myUsername253', '$2a$12$lquUcgJRNvbrPWYPPp8rJ.91Bk8QFh.fGGeVZ5pb49cZTi.GHrJdy');
insert into People (id,  commitment,  email,  first_name,  last_name,  phone,  PREFERRED_CONTACT_METHOD, username, password) values ('691286ec-5b7e-4c3d-af09-6213e30a0037', '', 'sgentile6s@abc.net.au', 'Salaidh', 'Gentile', '17604736713', 'Email', 'myUsername254', '$2a$12$lquUcgJRNvbrPWYPPp8rJ.91Bk8QFh.fGGeVZ5pb49cZTi.GHrJdy');
insert into People (id,  commitment,  email,  first_name,  last_name,  phone,  PREFERRED_CONTACT_METHOD, username, password) values ('0f9cf49d-bfd4-4bf5-a829-df9d4486fbdf', '', 'tcharrett6t@ft.com', 'Thorin', 'Charrett', '17604736713', 'Email', 'myUsername255', '$2a$12$lquUcgJRNvbrPWYPPp8rJ.91Bk8QFh.fGGeVZ5pb49cZTi.GHrJdy');
insert into People (id,  commitment,  email,  first_name,  last_name,  phone,  PREFERRED_CONTACT_METHOD, username, password) values ('2bc9b12f-29a1-4923-ac27-3e29ea489ca0', '', 'pblenkensop6u@devhub.com', 'Peta', 'Blenkensop', '17604736713', 'Email', 'myUsername256', '$2a$12$lquUcgJRNvbrPWYPPp8rJ.91Bk8QFh.fGGeVZ5pb49cZTi.GHrJdy');
insert into People (id,  commitment,  email,  first_name,  last_name,  phone,  PREFERRED_CONTACT_METHOD, username, password) values ('507281be-961b-45bc-a3a8-f193789234c0', '', 'ymoles6v@woothemes.com', 'Ysabel', 'Moles', '17604736713', 'Email', 'myUsername257', '$2a$12$lquUcgJRNvbrPWYPPp8rJ.91Bk8QFh.fGGeVZ5pb49cZTi.GHrJdy');
insert into People (id,  commitment,  email,  first_name,  last_name,  phone,  PREFERRED_CONTACT_METHOD, username, password) values ('07728ea2-7a24-43d7-ba50-98f48c7eab39', '', 'mpainswick6w@wiley.com', 'Mae', 'Painswick', '17604736713', 'Email', 'myUsername258', '$2a$12$lquUcgJRNvbrPWYPPp8rJ.91Bk8QFh.fGGeVZ5pb49cZTi.GHrJdy');
insert into People (id,  commitment,  email,  first_name,  last_name,  phone,  PREFERRED_CONTACT_METHOD, username, password) values ('d85ef36a-fea3-460f-a61e-77ae9b619c09', '', 'tstrathman6x@mysql.com', 'Timmie', 'Strathman', '17604736713', 'Email', 'myUsername259', '$2a$12$lquUcgJRNvbrPWYPPp8rJ.91Bk8QFh.fGGeVZ5pb49cZTi.GHrJdy');
insert into People (id,  commitment,  email,  first_name,  last_name,  phone,  PREFERRED_CONTACT_METHOD, username, password) values ('dff7aab7-1241-474b-ab01-494d1f22849a', '', 'crisom6y@opensource.org', 'Celia', 'Risom', '17604736713', 'Email', 'myUsername260', '$2a$12$lquUcgJRNvbrPWYPPp8rJ.91Bk8QFh.fGGeVZ5pb49cZTi.GHrJdy');
insert into People (id,  commitment,  email,  first_name,  last_name,  phone,  PREFERRED_CONTACT_METHOD, username, password) values ('aff4b7e7-9df8-4009-baa1-2b9eca804983', '', 'wgulleford6z@prweb.com', 'Ware', 'Gulleford', '17604736713', 'Email', 'myUsername261', '$2a$12$lquUcgJRNvbrPWYPPp8rJ.91Bk8QFh.fGGeVZ5pb49cZTi.GHrJdy');
insert into People (id,  commitment,  email,  first_name,  last_name,  phone,  PREFERRED_CONTACT_METHOD, username, password) values ('eaa19c9b-45f6-4002-a4dd-171dfc9d46ba', '', 'jmassey70@tuttocitta.it', 'Jordan', 'Massey', '17604736713', 'Email', 'myUsername262', '$2a$12$lquUcgJRNvbrPWYPPp8rJ.91Bk8QFh.fGGeVZ5pb49cZTi.GHrJdy');
insert into People (id,  commitment,  email,  first_name,  last_name,  phone,  PREFERRED_CONTACT_METHOD, username, password) values ('396b6ee0-9fd0-4c52-bf42-9b5b4011b7e3', '', 'etoms71@skyrock.com', 'Emmerich', 'Toms', '17604736713', 'Email', 'myUsername263', '$2a$12$lquUcgJRNvbrPWYPPp8rJ.91Bk8QFh.fGGeVZ5pb49cZTi.GHrJdy');
insert into People (id,  commitment,  email,  first_name,  last_name,  phone,  PREFERRED_CONTACT_METHOD, username, password) values ('d6e04bfc-834b-4c05-80d3-145f8742d710', '', 'mvannah72@noaa.gov', 'Marline', 'Vannah', '17604736713', 'Email', 'myUsername264', '$2a$12$lquUcgJRNvbrPWYPPp8rJ.91Bk8QFh.fGGeVZ5pb49cZTi.GHrJdy');
insert into People (id,  commitment,  email,  first_name,  last_name,  phone,  PREFERRED_CONTACT_METHOD, username, password) values ('dae63546-0597-4177-8456-c356b05fff9e', '', 'kclarycott73@businessweek.com', 'Kaylyn', 'Clarycott', '17604736713', 'Email', 'myUsername265', '$2a$12$lquUcgJRNvbrPWYPPp8rJ.91Bk8QFh.fGGeVZ5pb49cZTi.GHrJdy');
insert into People (id,  commitment,  email,  first_name,  last_name,  phone,  PREFERRED_CONTACT_METHOD, username, password) values ('1a36ff52-4b6c-4b1f-b65a-f5a6761e0477', '', 'croskrug74@amazonaws.com', 'Carley', 'Roskrug', '17604736713', 'Email', 'myUsername266', '$2a$12$lquUcgJRNvbrPWYPPp8rJ.91Bk8QFh.fGGeVZ5pb49cZTi.GHrJdy');
insert into People (id,  commitment,  email,  first_name,  last_name,  phone,  PREFERRED_CONTACT_METHOD, username, password) values ('9d409e3d-5f9e-4f54-94ac-252e02fcf468', '', 'kbooley75@theglobeandmail.com', 'Kelcey', 'Booley', '17604736713', 'Email', 'myUsername267', '$2a$12$lquUcgJRNvbrPWYPPp8rJ.91Bk8QFh.fGGeVZ5pb49cZTi.GHrJdy');
insert into People (id,  commitment,  email,  first_name,  last_name,  phone,  PREFERRED_CONTACT_METHOD, username, password) values ('79b20793-8a32-4f2c-920b-f2318348c636', '', 'kmasey76@php.net', 'Karrah', 'Masey', '17604736713', 'Email', 'myUsername268', '$2a$12$lquUcgJRNvbrPWYPPp8rJ.91Bk8QFh.fGGeVZ5pb49cZTi.GHrJdy');
insert into People (id,  commitment,  email,  first_name,  last_name,  phone,  PREFERRED_CONTACT_METHOD, username, password) values ('9d35d14d-6099-41f0-92e3-45745ced2619', '', 'sgaukroger77@behance.net', 'Shel', 'Gaukroger', '17604736713', 'Email', 'myUsername269', '$2a$12$lquUcgJRNvbrPWYPPp8rJ.91Bk8QFh.fGGeVZ5pb49cZTi.GHrJdy');
insert into People (id,  commitment,  email,  first_name,  last_name,  phone,  PREFERRED_CONTACT_METHOD, username, password) values ('a4c18f60-3dd9-43b0-a28c-50ceaa850b6e', '', 'tbreadmore78@reverbnation.com', 'Terza', 'Breadmore', '17604736713', 'Email', 'myUsername270', '$2a$12$lquUcgJRNvbrPWYPPp8rJ.91Bk8QFh.fGGeVZ5pb49cZTi.GHrJdy');
insert into People (id,  commitment,  email,  first_name,  last_name,  phone,  PREFERRED_CONTACT_METHOD, username, password) values ('0b97f2d4-8212-4a32-907a-f1fad8cf3a7a', '', 'cjaskiewicz79@zdnet.com', 'Clarey', 'Jaskiewicz', '17604736713', 'Email', 'myUsername271', '$2a$12$lquUcgJRNvbrPWYPPp8rJ.91Bk8QFh.fGGeVZ5pb49cZTi.GHrJdy');
insert into People (id,  commitment,  email,  first_name,  last_name,  phone,  PREFERRED_CONTACT_METHOD, username, password) values ('9fc7e016-b85c-4de0-b40f-d891187721d7', '', 'cmccaughan7a@ow.ly', 'Crichton', 'McCaughan', '17604736713', 'Email', 'myUsername272', '$2a$12$lquUcgJRNvbrPWYPPp8rJ.91Bk8QFh.fGGeVZ5pb49cZTi.GHrJdy');
insert into People (id,  commitment,  email,  first_name,  last_name,  phone,  PREFERRED_CONTACT_METHOD, username, password) values ('87c71306-4557-48fc-ad8a-a123647c0911', '', 'evedeneev7b@washington.edu', 'Ermanno', 'Vedeneev', '17604736713', 'Email', 'myUsername273', '$2a$12$lquUcgJRNvbrPWYPPp8rJ.91Bk8QFh.fGGeVZ5pb49cZTi.GHrJdy');
insert into People (id,  commitment,  email,  first_name,  last_name,  phone,  PREFERRED_CONTACT_METHOD, username, password) values ('5d8bf792-9245-4895-81a4-b3e01c68cd4c', '', 'tmille7c@chicagotribune.com', 'Thorny', 'Mille', '17604736713', 'Email', 'myUsername274', '$2a$12$lquUcgJRNvbrPWYPPp8rJ.91Bk8QFh.fGGeVZ5pb49cZTi.GHrJdy');
insert into People (id,  commitment,  email,  first_name,  last_name,  phone,  PREFERRED_CONTACT_METHOD, username, password) values ('3aec8717-7cfb-4889-9f0c-e3c3898cf7b0', '', 'bantonietti7d@joomla.org', 'Bar', 'Antonietti', '17604736713', 'Email', 'myUsername275', '$2a$12$lquUcgJRNvbrPWYPPp8rJ.91Bk8QFh.fGGeVZ5pb49cZTi.GHrJdy');
insert into People (id,  commitment,  email,  first_name,  last_name,  phone,  PREFERRED_CONTACT_METHOD, username, password) values ('6aeb1bba-5698-4975-89a9-8f4e7e448159', '', 'doshevlin7e@cbc.ca', 'Daloris', 'O''Shevlin', '17604736713', 'Email', 'myUsername276', '$2a$12$lquUcgJRNvbrPWYPPp8rJ.91Bk8QFh.fGGeVZ5pb49cZTi.GHrJdy');
insert into People (id,  commitment,  email,  first_name,  last_name,  phone,  PREFERRED_CONTACT_METHOD, username, password) values ('9b6da312-6bd0-4482-924b-6a040016bb2d', '', 'jsquibe7f@ft.com', 'Jacintha', 'Squibe', '17604736713', 'Email', 'myUsername277', '$2a$12$lquUcgJRNvbrPWYPPp8rJ.91Bk8QFh.fGGeVZ5pb49cZTi.GHrJdy');
insert into People (id,  commitment,  email,  first_name,  last_name,  phone,  PREFERRED_CONTACT_METHOD, username, password) values ('7399da9e-8677-4f4c-b359-fcdc9ccb4578', '', 'fcristofalo7g@vkontakte.ru', 'Fayre', 'Cristofalo', '17604736713', 'Email', 'myUsername278', '$2a$12$lquUcgJRNvbrPWYPPp8rJ.91Bk8QFh.fGGeVZ5pb49cZTi.GHrJdy');
insert into People (id,  commitment,  email,  first_name,  last_name,  phone,  PREFERRED_CONTACT_METHOD, username, password) values ('630c5c1f-d412-40ac-bcd6-994cc30580bf', '', 'fbiskup7h@opensource.org', 'Flori', 'Biskup', '17604736713', 'Email', 'myUsername279', '$2a$12$lquUcgJRNvbrPWYPPp8rJ.91Bk8QFh.fGGeVZ5pb49cZTi.GHrJdy');
insert into People (id,  commitment,  email,  first_name,  last_name,  phone,  PREFERRED_CONTACT_METHOD, username, password) values ('0fca0376-301f-4cc7-a3b9-37db79a3d8d4', '', 'gwixon7i@yellowbook.com', 'Grace', 'Wixon', '17604736713', 'Email', 'myUsername280', '$2a$12$lquUcgJRNvbrPWYPPp8rJ.91Bk8QFh.fGGeVZ5pb49cZTi.GHrJdy');
insert into People (id,  commitment,  email,  first_name,  last_name,  phone,  PREFERRED_CONTACT_METHOD, username, password) values ('f3bcbf45-3bd2-4b56-8bf3-b6a01d86ac77', '', 'lorpin7j@vinaora.com', 'Lacey', 'Orpin', '17604736713', 'Email', 'myUsername281', '$2a$12$lquUcgJRNvbrPWYPPp8rJ.91Bk8QFh.fGGeVZ5pb49cZTi.GHrJdy');
insert into People (id,  commitment,  email,  first_name,  last_name,  phone,  PREFERRED_CONTACT_METHOD, username, password) values ('eb76ad2d-d6d3-4034-90eb-1a49629b9769', '', 'tstilly7k@nsw.gov.au', 'Theodosia', 'Stilly', '17604736713', 'Email', 'myUsername282', '$2a$12$lquUcgJRNvbrPWYPPp8rJ.91Bk8QFh.fGGeVZ5pb49cZTi.GHrJdy');
insert into People (id,  commitment,  email,  first_name,  last_name,  phone,  PREFERRED_CONTACT_METHOD, username, password) values ('e406dc87-2e2d-483e-b269-c379fc09c654', '', 'gleel7l@vimeo.com', 'Gustavus', 'Leel', '17604736713', 'Email', 'myUsername283', '$2a$12$lquUcgJRNvbrPWYPPp8rJ.91Bk8QFh.fGGeVZ5pb49cZTi.GHrJdy');
insert into People (id,  commitment,  email,  first_name,  last_name,  phone,  PREFERRED_CONTACT_METHOD, username, password) values ('5a8443f6-aa44-47b3-ba96-fe2ef362a8e5', '', 'ikift7m@amazon.de', 'Ivette', 'Kift', '17604736713', 'Email', 'myUsername284', '$2a$12$lquUcgJRNvbrPWYPPp8rJ.91Bk8QFh.fGGeVZ5pb49cZTi.GHrJdy');
insert into People (id,  commitment,  email,  first_name,  last_name,  phone,  PREFERRED_CONTACT_METHOD, username, password) values ('36b05c6a-b7f5-436b-9ae9-aaf0ed7c188e', '', 'eletessier7n@google.pl', 'Elwin', 'Letessier', '17604736713', 'Email', 'myUsername285', '$2a$12$lquUcgJRNvbrPWYPPp8rJ.91Bk8QFh.fGGeVZ5pb49cZTi.GHrJdy');
insert into People (id,  commitment,  email,  first_name,  last_name,  phone,  PREFERRED_CONTACT_METHOD, username, password) values ('50d77f67-355f-41f5-9baf-cd3284b5fdca', '', 'crentcome7o@house.gov', 'Camile', 'Rentcome', '17604736713', 'Email', 'myUsername286', '$2a$12$lquUcgJRNvbrPWYPPp8rJ.91Bk8QFh.fGGeVZ5pb49cZTi.GHrJdy');
insert into People (id,  commitment,  email,  first_name,  last_name,  phone,  PREFERRED_CONTACT_METHOD, username, password) values ('5ba18fdc-1766-4039-8b5d-fb2091b615f8', '', 'vmacanespie7p@so-net.ne.jp', 'Virgie', 'MacAnespie', '17604736713', 'Email', 'myUsername287', '$2a$12$lquUcgJRNvbrPWYPPp8rJ.91Bk8QFh.fGGeVZ5pb49cZTi.GHrJdy');
insert into People (id,  commitment,  email,  first_name,  last_name,  phone,  PREFERRED_CONTACT_METHOD, username, password) values ('aa9b892c-1681-4c25-ac28-46220dcf4130', '', 'klevensky7q@newsvine.com', 'Keary', 'Levensky', '17604736713', 'Email', 'myUsername288', '$2a$12$lquUcgJRNvbrPWYPPp8rJ.91Bk8QFh.fGGeVZ5pb49cZTi.GHrJdy');
insert into People (id,  commitment,  email,  first_name,  last_name,  phone,  PREFERRED_CONTACT_METHOD, username, password) values ('1134789d-178b-40bf-a810-bc6fd56e621d', '', 'lkiggel7r@wisc.edu', 'Loydie', 'Kiggel', '17604736713', 'Email', 'myUsername289', '$2a$12$lquUcgJRNvbrPWYPPp8rJ.91Bk8QFh.fGGeVZ5pb49cZTi.GHrJdy');
insert into People (id,  commitment,  email,  first_name,  last_name,  phone,  PREFERRED_CONTACT_METHOD, username, password) values ('a770c0d7-ba2a-432b-bd4d-5a9b1484d35f', '', 'fmccurrie7s@bloomberg.com', 'Francois', 'McCurrie', '17604736713', 'Email', 'myUsername290', '$2a$12$lquUcgJRNvbrPWYPPp8rJ.91Bk8QFh.fGGeVZ5pb49cZTi.GHrJdy');
insert into People (id,  commitment,  email,  first_name,  last_name,  phone,  PREFERRED_CONTACT_METHOD, username, password) values ('02992174-575f-485e-a5a6-102fc1ccb639', '', 'gwestfalen7t@51.la', 'Gillian', 'Westfalen', '17604736713', 'Email', 'myUsername291', '$2a$12$lquUcgJRNvbrPWYPPp8rJ.91Bk8QFh.fGGeVZ5pb49cZTi.GHrJdy');
insert into People (id,  commitment,  email,  first_name,  last_name,  phone,  PREFERRED_CONTACT_METHOD, username, password) values ('1835e4d2-e81b-4361-b0af-cb5bf34c1f07', '', 'bmacmanus7u@w3.org', 'Bobbe', 'MacManus', '17604736713', 'Email', 'myUsername292', '$2a$12$lquUcgJRNvbrPWYPPp8rJ.91Bk8QFh.fGGeVZ5pb49cZTi.GHrJdy');
insert into People (id,  commitment,  email,  first_name,  last_name,  phone,  PREFERRED_CONTACT_METHOD, username, password) values ('3d430c84-e1c6-450f-b064-a71748364968', '', 'ejoberne7v@hc360.com', 'Eward', 'Joberne', '17604736713', 'None', 'myUsername293', '$2a$12$lquUcgJRNvbrPWYPPp8rJ.91Bk8QFh.fGGeVZ5pb49cZTi.GHrJdy');
insert into People (id,  commitment,  email,  first_name,  last_name,  phone,  PREFERRED_CONTACT_METHOD, username, password) values ('8d7f5a2c-5f3d-45b5-a69c-af72bfa00fd0', '', 'gprodrick7w@disqus.com', 'Gregoor', 'Prodrick', '17604736713', 'None', 'myUsername294', '$2a$12$lquUcgJRNvbrPWYPPp8rJ.91Bk8QFh.fGGeVZ5pb49cZTi.GHrJdy');
insert into People (id,  commitment,  email,  first_name,  last_name,  phone,  PREFERRED_CONTACT_METHOD, username, password) values ('9f2e858e-7f57-45e5-a791-536216f3ca46', '', 'verdes7x@1688.com', 'Vinita', 'Erdes', '17604736713', 'None', 'myUsername295', '$2a$12$lquUcgJRNvbrPWYPPp8rJ.91Bk8QFh.fGGeVZ5pb49cZTi.GHrJdy');
insert into People (id,  commitment,  email,  first_name,  last_name,  phone,  PREFERRED_CONTACT_METHOD, username, password) values ('9df88c96-cc9a-4358-9a10-abf1d1eabeea', '', 'mhuzzey7y@gov.uk', 'Myron', 'Huzzey', '17604736713', 'None', 'myUsername296', '$2a$12$lquUcgJRNvbrPWYPPp8rJ.91Bk8QFh.fGGeVZ5pb49cZTi.GHrJdy');
insert into People (id,  commitment,  email,  first_name,  last_name,  phone,  PREFERRED_CONTACT_METHOD, username, password) values ('4d3e484a-cc53-4308-8815-9887120a4372', '', 'awims7z@163.com', 'Angie', 'Wims', '17604736713', 'None', 'myUsername297', '$2a$12$lquUcgJRNvbrPWYPPp8rJ.91Bk8QFh.fGGeVZ5pb49cZTi.GHrJdy');
insert into People (id,  commitment,  email,  first_name,  last_name,  phone,  PREFERRED_CONTACT_METHOD, username, password) values ('d71c40ca-1100-48f1-9d8c-8f5d303cd1ce', '', 'asheward80@google.de', 'Anastasia', 'Sheward', '17604736713', 'None', 'myUsername298', '$2a$12$lquUcgJRNvbrPWYPPp8rJ.91Bk8QFh.fGGeVZ5pb49cZTi.GHrJdy');
insert into People (id,  commitment,  email,  first_name,  last_name,  phone,  PREFERRED_CONTACT_METHOD, username, password) values ('2f951ad4-b2a3-463b-8964-5fdd45aef357', '', 'ppimlock81@toplist.cz', 'Patrizio', 'Pimlock', '17604736713', 'None', 'myUsername299', '$2a$12$lquUcgJRNvbrPWYPPp8rJ.91Bk8QFh.fGGeVZ5pb49cZTi.GHrJdy');
insert into People (id,  commitment,  email,  first_name,  last_name,  phone,  PREFERRED_CONTACT_METHOD, username, password) values ('c44dcd65-5a0b-4807-97ce-f697c15ae1e6', '', 'awillman82@hp.com', 'Anastassia', 'Willman', '17604736713', 'None', 'myUsername300', '$2a$12$lquUcgJRNvbrPWYPPp8rJ.91Bk8QFh.fGGeVZ5pb49cZTi.GHrJdy');
insert into People (id,  commitment,  email,  first_name,  last_name,  phone,  PREFERRED_CONTACT_METHOD, username, password) values ('51f827d4-660c-4c77-ae9e-fede452889d4', '', 'bcosslett83@example.com', 'Britteny', 'Cosslett', '17604736713', 'None', 'myUsername301', '$2a$12$lquUcgJRNvbrPWYPPp8rJ.91Bk8QFh.fGGeVZ5pb49cZTi.GHrJdy');
insert into People (id,  commitment,  email,  first_name,  last_name,  phone,  PREFERRED_CONTACT_METHOD, username, password) values ('7c8bdddf-e6ea-438a-b2aa-c465af5460e6', '', 'jcarvil84@youku.com', 'Jacklin', 'Carvil', '17604736713', 'None', 'myUsername303', '$2a$12$lquUcgJRNvbrPWYPPp8rJ.91Bk8QFh.fGGeVZ5pb49cZTi.GHrJdy');
insert into People (id,  commitment,  email,  first_name,  last_name,  phone,  PREFERRED_CONTACT_METHOD, username, password) values ('c7db9be7-1bcc-4df4-ae5d-f01da53540db', '', 'dwarrier85@shareasale.com', 'Dorree', 'Warrier', '17604736713', 'None', 'myUsername304', '$2a$12$lquUcgJRNvbrPWYPPp8rJ.91Bk8QFh.fGGeVZ5pb49cZTi.GHrJdy');
insert into People (id,  commitment,  email,  first_name,  last_name,  phone,  PREFERRED_CONTACT_METHOD, username, password) values ('2bf439b7-3141-4eb2-9266-ea3d5bf407ef', '', 'ikike86@technorati.com', 'Isacco', 'Kike', '17604736713', 'None', 'myUsername305', '$2a$12$lquUcgJRNvbrPWYPPp8rJ.91Bk8QFh.fGGeVZ5pb49cZTi.GHrJdy');
insert into People (id,  commitment,  email,  first_name,  last_name,  phone,  PREFERRED_CONTACT_METHOD, username, password) values ('6d82fb09-c6e3-4e91-bf90-13ab1e2e0c50', '', 'sdabell87@friendfeed.com', 'Saul', 'Dabell', '17604736713', 'None', 'myUsername306', '$2a$12$lquUcgJRNvbrPWYPPp8rJ.91Bk8QFh.fGGeVZ5pb49cZTi.GHrJdy');
insert into People (id,  commitment,  email,  first_name,  last_name,  phone,  PREFERRED_CONTACT_METHOD, username, password) values ('ea551973-9d32-4891-b3b4-a01234f51b30', '', 'ekorneichuk88@psu.edu', 'Ethelred', 'Korneichuk', '17604736713', 'None', 'myUsername308', '$2a$12$lquUcgJRNvbrPWYPPp8rJ.91Bk8QFh.fGGeVZ5pb49cZTi.GHrJdy');
insert into People (id,  commitment,  email,  first_name,  last_name,  phone,  PREFERRED_CONTACT_METHOD, username, password) values ('d444ecb8-c995-4ab7-8c2b-f8a034a473d1', '', 'jelvy89@dailymail.co.uk', 'Jolee', 'Elvy', '17604736713', 'None', 'myUsername309', '$2a$12$lquUcgJRNvbrPWYPPp8rJ.91Bk8QFh.fGGeVZ5pb49cZTi.GHrJdy');
insert into People (id,  commitment,  email,  first_name,  last_name,  phone,  PREFERRED_CONTACT_METHOD, username, password) values ('5b1c5c31-b726-4a80-b71c-1859f9270716', '', 'rboyne8a@dell.com', 'Raquela', 'Boyne', '17604736713', 'None', 'myUsername311', '$2a$12$lquUcgJRNvbrPWYPPp8rJ.91Bk8QFh.fGGeVZ5pb49cZTi.GHrJdy');
insert into People (id,  commitment,  email,  first_name,  last_name,  phone,  PREFERRED_CONTACT_METHOD, username, password) values ('5e10985e-14e3-4d6d-a204-8c2e7f210029', '', 'hseeman8b@jigsy.com', 'Hillier', 'Seeman', '17604736713', 'None', 'myUsername312', '$2a$12$lquUcgJRNvbrPWYPPp8rJ.91Bk8QFh.fGGeVZ5pb49cZTi.GHrJdy');
insert into People (id,  commitment,  email,  first_name,  last_name,  phone,  PREFERRED_CONTACT_METHOD, username, password) values ('5e10985e-14e3-4d6d-a204-8c2e7f333333', '', 'hsean8b@jigsy.com', 'John', 'Mueller', '17604736713', 'Text', 'myUsername231', '$2a$12$lquUcgJRNvbrPWYPPp8rJ.91Bk8QFh.fGGeVZ5pb49cZTi.GHrJdy');
insert into People (id,  commitment,  email,  first_name,  last_name,  phone,  PREFERRED_CONTACT_METHOD, username, password) values ('5e10985e-14e3-4d6d-a204-8c2e7f333019', '', 'hseeman8b@jsy.com', 'Marion', 'Straus', '17604736713', 'Text', 'myUsername232', '$2a$12$lquUcgJRNvbrPWYPPp8rJ.91Bk8QFh.fGGeVZ5pb49cZTi.GHrJdy');

--> PANEL
insert into PANEL (id, day_of_week, week_of_month, event_time, gender, number_needed, MARK_AS_MEMBERS_NEEDED, active, FACILITY_ID, BOARD_CHAMPION_ID, PANEL_COORDINATOR_ID, PANEL_LEADER_ID, PANEL_MEMBER_1_ID, PANEL_MEMBER_2_ID, PANEL_MEMBER_3_ID, PANEL_MEMBER_4_ID, PANEL_MEMBER_5_ID) values ('42632380-d0fa-4e09-b132-f005a197f948', 'Friday', 2, '01:19 PM', 'Female', 1, true, true, 'abb6a63d-04d6-49cc-b557-29be264542f5', '5e10985e-14e3-4d6d-a204-8c2e7f333333', 'c6dc80aa-d747-452d-8f6b-665f25bd92e8', 'd5f6fd9a-5995-4b45-86dc-acfed4e07a33', 'c603b7be-d386-4ab2-8613-ad143c42ce75', '1cdb1a01-d9f2-42a3-b449-f59ff995aff2', '', '', 'd92d3701-64f7-41e7-a692-ab13d0467335');
insert into PANEL (id, day_of_week, week_of_month, event_time, gender, number_needed, MARK_AS_MEMBERS_NEEDED, active, FACILITY_ID, BOARD_CHAMPION_ID, PANEL_COORDINATOR_ID, PANEL_LEADER_ID, PANEL_MEMBER_1_ID, PANEL_MEMBER_2_ID, PANEL_MEMBER_3_ID, PANEL_MEMBER_4_ID, PANEL_MEMBER_5_ID) values ('e63ebe0c-945e-44f2-a056-d2a58a6efc48', 'Tuesday', 1, '10:16 AM', 'Male', 2, true, false, '8396790b-fe74-44e5-829a-1c7ead485ad0', '5e10985e-14e3-4d6d-a204-8c2e7f333019', 'aaa816ff-32ee-447a-98a8-5ff09391e33d', 'd5f6fd9a-5995-4b45-86dc-acfed4e07a33', '', 'd92d3701-64f7-41e7-a692-ab13d0467335', '', 'd92d3701-64f7-41e7-a692-ab13d0467335', 'd05dded4-d9dc-42bd-a32c-1bd9f5181ec7');
insert into PANEL (id, day_of_week, week_of_month, event_time, gender, number_needed, MARK_AS_MEMBERS_NEEDED, active, FACILITY_ID, BOARD_CHAMPION_ID, PANEL_COORDINATOR_ID, PANEL_LEADER_ID, PANEL_MEMBER_1_ID, PANEL_MEMBER_2_ID, PANEL_MEMBER_3_ID, PANEL_MEMBER_4_ID, PANEL_MEMBER_5_ID) values ('24e7a3c3-e2e0-4afd-be31-a56830799248', 'Thursday', 2, '12:09 PM', 'Male', 5, true, true, 'a26a43a6-6d9a-4a90-99cb-06953208cd3f', '5e10985e-14e3-4d6d-a204-8c2e7f333019', 'c6dc80aa-d747-452d-8f6b-665f25bd92e8', '8753cb72-d7e1-4813-9915-4bd78b3c41e8', 'c603b7be-d386-4ab2-8613-ad143c42ce75', '3736bb3f-0f7d-4398-a5ed-37196aec1d75', '1a01918f-9aa8-4e16-a0ad-0a92bbe2758c', '', 'a92a4f95-718d-414a-be52-8d35caf4a049');
insert into PANEL (id, day_of_week, week_of_month, event_time, gender, number_needed, MARK_AS_MEMBERS_NEEDED, active, FACILITY_ID, BOARD_CHAMPION_ID, PANEL_COORDINATOR_ID, PANEL_LEADER_ID, PANEL_MEMBER_1_ID, PANEL_MEMBER_2_ID, PANEL_MEMBER_3_ID, PANEL_MEMBER_4_ID, PANEL_MEMBER_5_ID) values ('7067e8e1-903d-415b-9549-fa207888a9a5', 'Tuesday', 2, '04:41 AM', 'Female', 5, true, true, '23cb42d2-86e1-440f-8d85-fabf1b95722b', '5e10985e-14e3-4d6d-a204-8c2e7f333333', 'aaa816ff-32ee-447a-98a8-5ff09391e33d', '7ec571f0-a1fe-4150-8b51-e6089613bbd0', '45e75c2c-dcc7-4d7e-a496-3ed5bb779950', '', '3736bb3f-0f7d-4398-a5ed-37196aec1d75', '', '');
insert into PANEL (id, day_of_week, week_of_month, event_time, gender, number_needed, MARK_AS_MEMBERS_NEEDED, active, FACILITY_ID, BOARD_CHAMPION_ID, PANEL_COORDINATOR_ID, PANEL_LEADER_ID, PANEL_MEMBER_1_ID, PANEL_MEMBER_2_ID, PANEL_MEMBER_3_ID, PANEL_MEMBER_4_ID, PANEL_MEMBER_5_ID) values ('2855a7f5-4d61-4cea-a872-24cd430f3593', 'Wednesday', 1, '07:29 PM', 'Male/Female', 4, true, true, '6f8ae1c6-f716-4287-ab6f-ac5fe352a3bc', '5e10985e-14e3-4d6d-a204-8c2e7f333019', 'c0f1ccb4-e8a9-46e6-9c24-e3152f724a95', '724efe35-ac79-4fcc-af53-bb30c1d8f1e5', '', '', 'd05dded4-d9dc-42bd-a32c-1bd9f5181ec7', 'd92d3701-64f7-41e7-a692-ab13d0467335', '3736bb3f-0f7d-4398-a5ed-37196aec1d75');
insert into PANEL (id, day_of_week, week_of_month, event_time, gender, number_needed, MARK_AS_MEMBERS_NEEDED, active, FACILITY_ID, BOARD_CHAMPION_ID, PANEL_COORDINATOR_ID, PANEL_LEADER_ID, PANEL_MEMBER_1_ID, PANEL_MEMBER_2_ID, PANEL_MEMBER_3_ID, PANEL_MEMBER_4_ID, PANEL_MEMBER_5_ID) values ('f33cd44c-43c5-42a1-8ed1-1416210cd799', 'Friday', 5, '05:49 AM', 'Female', 1, true, false, 'abb6a63d-04d6-49cc-b557-29be264542f5', '5e10985e-14e3-4d6d-a204-8c2e7f333019', 'f95464b3-1528-4ec2-b0bc-56a6aaac265b', 'd5f6fd9a-5995-4b45-86dc-acfed4e07a33', '1a01918f-9aa8-4e16-a0ad-0a92bbe2758c', '45e75c2c-dcc7-4d7e-a496-3ed5bb779950', '', '', 'c603b7be-d386-4ab2-8613-ad143c42ce75');
insert into PANEL (id, day_of_week, week_of_month, event_time, gender, number_needed, MARK_AS_MEMBERS_NEEDED, active, FACILITY_ID, BOARD_CHAMPION_ID, PANEL_COORDINATOR_ID, PANEL_LEADER_ID, PANEL_MEMBER_1_ID, PANEL_MEMBER_2_ID, PANEL_MEMBER_3_ID, PANEL_MEMBER_4_ID, PANEL_MEMBER_5_ID) values ('ca883873-2ef7-412a-968a-1eec3a598cd0', 'Tuesday', 2, '08:59 PM', 'Male/Female', 2, true, true, '8396790b-fe74-44e5-829a-1c7ead485ad0', '5e10985e-14e3-4d6d-a204-8c2e7f333019', 'c0f1ccb4-e8a9-46e6-9c24-e3152f724a95', 'd5f6fd9a-5995-4b45-86dc-acfed4e07a33', '', '45e75c2c-dcc7-4d7e-a496-3ed5bb779950', 'd92d3701-64f7-41e7-a692-ab13d0467335', '', '1cdb1a01-d9f2-42a3-b449-f59ff995aff2');
insert into PANEL (id, day_of_week, week_of_month, event_time, gender, number_needed, MARK_AS_MEMBERS_NEEDED, active, FACILITY_ID, BOARD_CHAMPION_ID, PANEL_COORDINATOR_ID, PANEL_LEADER_ID, PANEL_MEMBER_1_ID, PANEL_MEMBER_2_ID, PANEL_MEMBER_3_ID, PANEL_MEMBER_4_ID, PANEL_MEMBER_5_ID) values ('d125b76c-279d-4273-9847-0bad23ae1674', 'Friday', 1, '04:00 AM', 'Female', 3, true, true, '8396790b-fe74-44e5-829a-1c7ead485ad0', '5e10985e-14e3-4d6d-a204-8c2e7f333333', 'f95464b3-1528-4ec2-b0bc-56a6aaac265b', 'd5f6fd9a-5995-4b45-86dc-acfed4e07a33', '', '', '1cdb1a01-d9f2-42a3-b449-f59ff995aff2', 'a92a4f95-718d-414a-be52-8d35caf4a049', '');
insert into PANEL (id, day_of_week, week_of_month, event_time, gender, number_needed, MARK_AS_MEMBERS_NEEDED, active, FACILITY_ID, BOARD_CHAMPION_ID, PANEL_COORDINATOR_ID, PANEL_LEADER_ID, PANEL_MEMBER_1_ID, PANEL_MEMBER_2_ID, PANEL_MEMBER_3_ID, PANEL_MEMBER_4_ID, PANEL_MEMBER_5_ID) values ('6e787c5e-fa0a-467a-8303-6a36df67ae07', 'Wednesday', 5, '09:22 PM', 'Male', 4, true, true, 'abb6a63d-04d6-49cc-b557-29be264542f5', '5e10985e-14e3-4d6d-a204-8c2e7f333019', 'c0f1ccb4-e8a9-46e6-9c24-e3152f724a95', 'd5f6fd9a-5995-4b45-86dc-acfed4e07a33', '1a01918f-9aa8-4e16-a0ad-0a92bbe2758c', 'd92d3701-64f7-41e7-a692-ab13d0467335', 'a92a4f95-718d-414a-be52-8d35caf4a049', '', '');
insert into PANEL (id, day_of_week, week_of_month, event_time, gender, number_needed, MARK_AS_MEMBERS_NEEDED, active, FACILITY_ID, BOARD_CHAMPION_ID, PANEL_COORDINATOR_ID, PANEL_LEADER_ID, PANEL_MEMBER_1_ID, PANEL_MEMBER_2_ID, PANEL_MEMBER_3_ID, PANEL_MEMBER_4_ID, PANEL_MEMBER_5_ID) values ('79443c0c-40e2-434b-a403-de796996771b', 'Wednesday', 5, '09:01 PM', 'Female', 4, true, true, '8396790b-fe74-44e5-829a-1c7ead485ad0', '5e10985e-14e3-4d6d-a204-8c2e7f333019', 'b7c682d7-1dc1-4ba5-b165-526a8b209d98', '7ec571f0-a1fe-4150-8b51-e6089613bbd0', '', 'a92a4f95-718d-414a-be52-8d35caf4a049', '', 'd92d3701-64f7-41e7-a692-ab13d0467335', '1cdb1a01-d9f2-42a3-b449-f59ff995aff2');
insert into PANEL (id, day_of_week, week_of_month, event_time, gender, number_needed, MARK_AS_MEMBERS_NEEDED, active, FACILITY_ID, BOARD_CHAMPION_ID, PANEL_COORDINATOR_ID, PANEL_LEADER_ID, PANEL_MEMBER_1_ID, PANEL_MEMBER_2_ID, PANEL_MEMBER_3_ID, PANEL_MEMBER_4_ID, PANEL_MEMBER_5_ID) values ('6225dca5-66b2-4788-a05c-e85cb04ecde5', 'Monday', 1, '03:16 PM', 'Male/Female', 3, true, false, 'a26a43a6-6d9a-4a90-99cb-06953208cd3f', '5e10985e-14e3-4d6d-a204-8c2e7f333333', 'c6dc80aa-d747-452d-8f6b-665f25bd92e8', '7ec571f0-a1fe-4150-8b51-e6089613bbd0', '45e75c2c-dcc7-4d7e-a496-3ed5bb779950', '', '', 'a92a4f95-718d-414a-be52-8d35caf4a049', '1cdb1a01-d9f2-42a3-b449-f59ff995aff2');
insert into PANEL (id, day_of_week, week_of_month, event_time, gender, number_needed, MARK_AS_MEMBERS_NEEDED, active, FACILITY_ID, BOARD_CHAMPION_ID, PANEL_COORDINATOR_ID, PANEL_LEADER_ID, PANEL_MEMBER_1_ID, PANEL_MEMBER_2_ID, PANEL_MEMBER_3_ID, PANEL_MEMBER_4_ID, PANEL_MEMBER_5_ID) values ('7d377d06-2d45-417c-95d9-233017e83bde', 'Thursday', 1, '11:56 AM', 'Male/Female', 3, true, true, 'abb6a63d-04d6-49cc-b557-29be264542f5', '5e10985e-14e3-4d6d-a204-8c2e7f333333', 'aaa816ff-32ee-447a-98a8-5ff09391e33d', 'd5f6fd9a-5995-4b45-86dc-acfed4e07a33', '', 'c603b7be-d386-4ab2-8613-ad143c42ce75', '', '1a01918f-9aa8-4e16-a0ad-0a92bbe2758c', 'd05dded4-d9dc-42bd-a32c-1bd9f5181ec7');
insert into PANEL (id, day_of_week, week_of_month, event_time, gender, number_needed, MARK_AS_MEMBERS_NEEDED, active, FACILITY_ID, BOARD_CHAMPION_ID, PANEL_COORDINATOR_ID, PANEL_LEADER_ID, PANEL_MEMBER_1_ID, PANEL_MEMBER_2_ID, PANEL_MEMBER_3_ID, PANEL_MEMBER_4_ID, PANEL_MEMBER_5_ID) values ('d6420ff7-4caa-4b65-9bce-16b5b7316482', 'Thursday', 2, '05:06 PM', 'Male/Female', 2, true, false, 'abb6a63d-04d6-49cc-b557-29be264542f5', '5e10985e-14e3-4d6d-a204-8c2e7f333333', 'c6dc80aa-d747-452d-8f6b-665f25bd92e8', 'd5f6fd9a-5995-4b45-86dc-acfed4e07a33', '', '1cdb1a01-d9f2-42a3-b449-f59ff995aff2', '3736bb3f-0f7d-4398-a5ed-37196aec1d75', '', '');
insert into PANEL (id, day_of_week, week_of_month, event_time, gender, number_needed, MARK_AS_MEMBERS_NEEDED, active, FACILITY_ID, BOARD_CHAMPION_ID, PANEL_COORDINATOR_ID, PANEL_LEADER_ID, PANEL_MEMBER_1_ID, PANEL_MEMBER_2_ID, PANEL_MEMBER_3_ID, PANEL_MEMBER_4_ID, PANEL_MEMBER_5_ID) values ('eea8392b-12ba-4e02-822b-8bfb1c077db6', 'Tuesday', 5, '01:11 PM', 'Female', 1, true, true, '6f8ae1c6-f716-4287-ab6f-ac5fe352a3bc', '5e10985e-14e3-4d6d-a204-8c2e7f333019', 'c6dc80aa-d747-452d-8f6b-665f25bd92e8', '7ec571f0-a1fe-4150-8b51-e6089613bbd0', '1a01918f-9aa8-4e16-a0ad-0a92bbe2758c', '', '1cdb1a01-d9f2-42a3-b449-f59ff995aff2', '45e75c2c-dcc7-4d7e-a496-3ed5bb779950', 'c603b7be-d386-4ab2-8613-ad143c42ce75');
insert into PANEL (id, day_of_week, week_of_month, event_time, gender, number_needed, MARK_AS_MEMBERS_NEEDED, active, FACILITY_ID, BOARD_CHAMPION_ID, PANEL_COORDINATOR_ID, PANEL_LEADER_ID, PANEL_MEMBER_1_ID, PANEL_MEMBER_2_ID, PANEL_MEMBER_3_ID, PANEL_MEMBER_4_ID, PANEL_MEMBER_5_ID) values ('798f07a8-c649-4f2a-b62e-e7b3215f25c1', 'Friday', 5, '08:30 AM', 'Male/Female', 3, true, false, '8396790b-fe74-44e5-829a-1c7ead485ad0', '5e10985e-14e3-4d6d-a204-8c2e7f333019', 'c0f1ccb4-e8a9-46e6-9c24-e3152f724a95', '7ec571f0-a1fe-4150-8b51-e6089613bbd0', '', 'a92a4f95-718d-414a-be52-8d35caf4a049', '1cdb1a01-d9f2-42a3-b449-f59ff995aff2', 'c603b7be-d386-4ab2-8613-ad143c42ce75', 'a92a4f95-718d-414a-be52-8d35caf4a049');
insert into PANEL (id, day_of_week, week_of_month, event_time, gender, number_needed, MARK_AS_MEMBERS_NEEDED, active, FACILITY_ID, BOARD_CHAMPION_ID, PANEL_COORDINATOR_ID, PANEL_LEADER_ID, PANEL_MEMBER_1_ID, PANEL_MEMBER_2_ID, PANEL_MEMBER_3_ID, PANEL_MEMBER_4_ID, PANEL_MEMBER_5_ID) values ('33688fb9-3860-4df0-85c1-f30242067f19', 'Tuesday', 5, '05:34 AM', 'Male/Female', 3, true, true, 'abb6a63d-04d6-49cc-b557-29be264542f5', '5e10985e-14e3-4d6d-a204-8c2e7f333333', 'aaa816ff-32ee-447a-98a8-5ff09391e33d', '7ec571f0-a1fe-4150-8b51-e6089613bbd0', '', '1cdb1a01-d9f2-42a3-b449-f59ff995aff2', '', '45e75c2c-dcc7-4d7e-a496-3ed5bb779950', '');
insert into PANEL (id, day_of_week, week_of_month, event_time, gender, number_needed, MARK_AS_MEMBERS_NEEDED, active, FACILITY_ID, BOARD_CHAMPION_ID, PANEL_COORDINATOR_ID, PANEL_LEADER_ID, PANEL_MEMBER_1_ID, PANEL_MEMBER_2_ID, PANEL_MEMBER_3_ID, PANEL_MEMBER_4_ID, PANEL_MEMBER_5_ID) values ('bcf2becc-22f5-4d50-a6eb-a35a52699520', 'Tuesday', 4, '01:24 PM', 'Female', 5, true, true, '8396790b-fe74-44e5-829a-1c7ead485ad0', '5e10985e-14e3-4d6d-a204-8c2e7f333019', 'f95464b3-1528-4ec2-b0bc-56a6aaac265b', '724efe35-ac79-4fcc-af53-bb30c1d8f1e5', 'd05dded4-d9dc-42bd-a32c-1bd9f5181ec7', '', '', '1cdb1a01-d9f2-42a3-b449-f59ff995aff2', '');
insert into PANEL (id, day_of_week, week_of_month, event_time, gender, number_needed, MARK_AS_MEMBERS_NEEDED, active, FACILITY_ID, BOARD_CHAMPION_ID, PANEL_COORDINATOR_ID, PANEL_LEADER_ID, PANEL_MEMBER_1_ID, PANEL_MEMBER_2_ID, PANEL_MEMBER_3_ID, PANEL_MEMBER_4_ID, PANEL_MEMBER_5_ID) values ('0765356a-3662-4ef5-a5a0-88048bca6cb2', 'Friday', 4, '03:19 PM', 'Female', 4, true, false, 'abb6a63d-04d6-49cc-b557-29be264542f5', '5e10985e-14e3-4d6d-a204-8c2e7f333333', 'aaa816ff-32ee-447a-98a8-5ff09391e33d', '7ec571f0-a1fe-4150-8b51-e6089613bbd0', '1cdb1a01-d9f2-42a3-b449-f59ff995aff2', 'c603b7be-d386-4ab2-8613-ad143c42ce75', '', '1a01918f-9aa8-4e16-a0ad-0a92bbe2758c', '');
insert into PANEL (id, day_of_week, week_of_month, event_time, gender, number_needed, MARK_AS_MEMBERS_NEEDED, active, FACILITY_ID, BOARD_CHAMPION_ID, PANEL_COORDINATOR_ID, PANEL_LEADER_ID, PANEL_MEMBER_1_ID, PANEL_MEMBER_2_ID, PANEL_MEMBER_3_ID, PANEL_MEMBER_4_ID, PANEL_MEMBER_5_ID) values ('96f4cd85-abce-440f-9b9b-b50036aac925', 'Thursday', 4, '10:54 PM', 'Male', 4, true, false, '8396790b-fe74-44e5-829a-1c7ead485ad0', '5e10985e-14e3-4d6d-a204-8c2e7f333019', 'aaa816ff-32ee-447a-98a8-5ff09391e33d', '7ec571f0-a1fe-4150-8b51-e6089613bbd0', 'a92a4f95-718d-414a-be52-8d35caf4a049', 'c603b7be-d386-4ab2-8613-ad143c42ce75', '', 'd05dded4-d9dc-42bd-a32c-1bd9f5181ec7', 'a92a4f95-718d-414a-be52-8d35caf4a049');
insert into PANEL (id, day_of_week, week_of_month, event_time, gender, number_needed, MARK_AS_MEMBERS_NEEDED, active, FACILITY_ID, BOARD_CHAMPION_ID, PANEL_COORDINATOR_ID, PANEL_LEADER_ID, PANEL_MEMBER_1_ID, PANEL_MEMBER_2_ID, PANEL_MEMBER_3_ID, PANEL_MEMBER_4_ID, PANEL_MEMBER_5_ID) values ('c27448c7-fb36-460c-9956-189051b6f051', 'Sunday', 1, '07:53 PM', 'Female', 3, true, false, '6f8ae1c6-f716-4287-ab6f-ac5fe352a3bc', '5e10985e-14e3-4d6d-a204-8c2e7f333019', 'f95464b3-1528-4ec2-b0bc-56a6aaac265b', '7ec571f0-a1fe-4150-8b51-e6089613bbd0', '1cdb1a01-d9f2-42a3-b449-f59ff995aff2', 'd92d3701-64f7-41e7-a692-ab13d0467335', 'c603b7be-d386-4ab2-8613-ad143c42ce75', '1a01918f-9aa8-4e16-a0ad-0a92bbe2758c', '1cdb1a01-d9f2-42a3-b449-f59ff995aff2');
insert into PANEL (id, day_of_week, week_of_month, event_time, gender, number_needed, MARK_AS_MEMBERS_NEEDED, active, FACILITY_ID, BOARD_CHAMPION_ID, PANEL_COORDINATOR_ID, PANEL_LEADER_ID, PANEL_MEMBER_1_ID, PANEL_MEMBER_2_ID, PANEL_MEMBER_3_ID, PANEL_MEMBER_4_ID, PANEL_MEMBER_5_ID) values ('58e01a24-282a-4d25-9a70-88595ebf93fe', 'Monday', 4, '01:05 PM', 'Male/Female', 0, false, true, '6f8ae1c6-f716-4287-ab6f-ac5fe352a3bc', '5e10985e-14e3-4d6d-a204-8c2e7f333019', 'aaa816ff-32ee-447a-98a8-5ff09391e33d', '724efe35-ac79-4fcc-af53-bb30c1d8f1e5', '', 'd05dded4-d9dc-42bd-a32c-1bd9f5181ec7', 'd05dded4-d9dc-42bd-a32c-1bd9f5181ec7', '1cdb1a01-d9f2-42a3-b449-f59ff995aff2', '');
insert into PANEL (id, day_of_week, week_of_month, event_time, gender, number_needed, MARK_AS_MEMBERS_NEEDED, active, FACILITY_ID, BOARD_CHAMPION_ID, PANEL_COORDINATOR_ID, PANEL_LEADER_ID, PANEL_MEMBER_1_ID, PANEL_MEMBER_2_ID, PANEL_MEMBER_3_ID, PANEL_MEMBER_4_ID, PANEL_MEMBER_5_ID) values ('17dd60d5-1e9e-4926-ac3a-7937d486ca6e', 'Tuesday', 3, '11:23 PM', 'Male/Female', 4, true, false, '6f8ae1c6-f716-4287-ab6f-ac5fe352a3bc', '5e10985e-14e3-4d6d-a204-8c2e7f333019', 'd5f6fd9a-5995-4b45-86dc-acfed4e07a33', '', '', '', '', '', '07900375-00e5-44c1-924a-8384e1f2d7a7');
insert into PANEL (id, day_of_week, week_of_month, event_time, gender, number_needed, MARK_AS_MEMBERS_NEEDED, active, FACILITY_ID, BOARD_CHAMPION_ID, PANEL_COORDINATOR_ID, PANEL_LEADER_ID, PANEL_MEMBER_1_ID, PANEL_MEMBER_2_ID, PANEL_MEMBER_3_ID, PANEL_MEMBER_4_ID, PANEL_MEMBER_5_ID) values ('b2b589f3-0af6-40c7-90c0-dcf590b70dbe', 'Monday', 4, '1:54 AM', 'Male', 3, true, false, '23cb42d2-86e1-440f-8d85-fabf1b95722b', '5e10985e-14e3-4d6d-a204-8c2e7f333019', 'c0f1ccb4-e8a9-46e6-9c24-e3152f724a95', '8753cb72-d7e1-4813-9915-4bd78b3c41e8', 'd05dded4-d9dc-42bd-a32c-1bd9f5181ec7', '', '1cdb1a01-d9f2-42a3-b449-f59ff995aff2', 'a92a4f95-718d-414a-be52-8d35caf4a049', '');
insert into PANEL (id, day_of_week, week_of_month, event_time, gender, number_needed, MARK_AS_MEMBERS_NEEDED, active, FACILITY_ID, BOARD_CHAMPION_ID, PANEL_COORDINATOR_ID, PANEL_LEADER_ID, PANEL_MEMBER_1_ID, PANEL_MEMBER_2_ID, PANEL_MEMBER_3_ID, PANEL_MEMBER_4_ID, PANEL_MEMBER_5_ID) values ('48114529-3d19-4878-b630-c25fe65843fd', 'Saturday', 2, '10:41 AM', 'Male/Female', 4, true, true, '6f8ae1c6-f716-4287-ab6f-ac5fe352a3bc', '5e10985e-14e3-4d6d-a204-8c2e7f333333', 'c0f1ccb4-e8a9-46e6-9c24-e3152f724a95', '8753cb72-d7e1-4813-9915-4bd78b3c41e8', '45e75c2c-dcc7-4d7e-a496-3ed5bb779950', 'a92a4f95-718d-414a-be52-8d35caf4a049', 'd05dded4-d9dc-42bd-a32c-1bd9f5181ec7', '', '07900375-00e5-44c1-924a-8384e1f2d7a7');
insert into PANEL (id, day_of_week, week_of_month, event_time, gender, number_needed, MARK_AS_MEMBERS_NEEDED, active, FACILITY_ID, BOARD_CHAMPION_ID, PANEL_COORDINATOR_ID, PANEL_LEADER_ID, PANEL_MEMBER_1_ID, PANEL_MEMBER_2_ID, PANEL_MEMBER_3_ID, PANEL_MEMBER_4_ID, PANEL_MEMBER_5_ID) values ('9865e916-f7b6-47f3-a020-0388bba42f64', 'Saturday', 4, '02:48 PM', 'Male', 4, true, false, 'bb9035ac-19d1-4c75-8949-9ab0306c74bf', '5e10985e-14e3-4d6d-a204-8c2e7f333333', 'c6dc80aa-d747-452d-8f6b-665f25bd92e8', '8753cb72-d7e1-4813-9915-4bd78b3c41e8', 'd92d3701-64f7-41e7-a692-ab13d0467335', '', 'c603b7be-d386-4ab2-8613-ad143c42ce75', '1a01918f-9aa8-4e16-a0ad-0a92bbe2758c', '07900375-00e5-44c1-924a-8384e1f2d7a7');
insert into PANEL (id, day_of_week, week_of_month, event_time, gender, number_needed, MARK_AS_MEMBERS_NEEDED, active, FACILITY_ID, BOARD_CHAMPION_ID, PANEL_COORDINATOR_ID, PANEL_LEADER_ID, PANEL_MEMBER_1_ID, PANEL_MEMBER_2_ID, PANEL_MEMBER_3_ID, PANEL_MEMBER_4_ID, PANEL_MEMBER_5_ID) values ('792a949f-0b0f-42cf-8d26-718c4e8a4877', 'Friday', 5, '11:27 AM', 'Male/Female', 5, true, false, '23cb42d2-86e1-440f-8d85-fabf1b95722b', '5e10985e-14e3-4d6d-a204-8c2e7f333019', 'f95464b3-1528-4ec2-b0bc-56a6aaac265b', '8753cb72-d7e1-4813-9915-4bd78b3c41e8', '', '07900375-00e5-44c1-924a-8384e1f2d7a7', 'd05dded4-d9dc-42bd-a32c-1bd9f5181ec7', '1cdb1a01-d9f2-42a3-b449-f59ff995aff2', '45e75c2c-dcc7-4d7e-a496-3ed5bb779950');
insert into PANEL (id, day_of_week, week_of_month, event_time, gender, number_needed, MARK_AS_MEMBERS_NEEDED, active, FACILITY_ID, BOARD_CHAMPION_ID, PANEL_COORDINATOR_ID, PANEL_LEADER_ID, PANEL_MEMBER_1_ID, PANEL_MEMBER_2_ID, PANEL_MEMBER_3_ID, PANEL_MEMBER_4_ID, PANEL_MEMBER_5_ID) values ('34be4a5a-bdb6-4f12-92cc-cfca8ada849c', 'Wednesday', 5, '12:51 AM', 'Female', 0, false, false, 'abb6a63d-04d6-49cc-b557-29be264542f5', '5e10985e-14e3-4d6d-a204-8c2e7f333019', 'b7c682d7-1dc1-4ba5-b165-526a8b209d98', '724efe35-ac79-4fcc-af53-bb30c1d8f1e5', 'c603b7be-d386-4ab2-8613-ad143c42ce75', '1a01918f-9aa8-4e16-a0ad-0a92bbe2758c', '', '', '3736bb3f-0f7d-4398-a5ed-37196aec1d75');
insert into PANEL (id, day_of_week, week_of_month, event_time, gender, number_needed, MARK_AS_MEMBERS_NEEDED, active, FACILITY_ID, BOARD_CHAMPION_ID, PANEL_COORDINATOR_ID, PANEL_LEADER_ID, PANEL_MEMBER_1_ID, PANEL_MEMBER_2_ID, PANEL_MEMBER_3_ID, PANEL_MEMBER_4_ID, PANEL_MEMBER_5_ID) values ('1a7593ba-7e0a-45c8-b69f-346472f8c6a7', 'Monday', 2, '07:18 AM', 'Female', 0, false, true, '6f8ae1c6-f716-4287-ab6f-ac5fe352a3bc', '5e10985e-14e3-4d6d-a204-8c2e7f333333', 'f95464b3-1528-4ec2-b0bc-56a6aaac265b', '8753cb72-d7e1-4813-9915-4bd78b3c41e8', 'd92d3701-64f7-41e7-a692-ab13d0467335', 'd05dded4-d9dc-42bd-a32c-1bd9f5181ec7', '1a01918f-9aa8-4e16-a0ad-0a92bbe2758c', 'a92a4f95-718d-414a-be52-8d35caf4a049', '3736bb3f-0f7d-4398-a5ed-37196aec1d75');
insert into PANEL (id, day_of_week, week_of_month, event_time, gender, number_needed, MARK_AS_MEMBERS_NEEDED, active, FACILITY_ID, BOARD_CHAMPION_ID, PANEL_COORDINATOR_ID, PANEL_LEADER_ID, PANEL_MEMBER_1_ID, PANEL_MEMBER_2_ID, PANEL_MEMBER_3_ID, PANEL_MEMBER_4_ID, PANEL_MEMBER_5_ID) values ('8fdd603d-8018-4315-b9b3-476a5517ef5c', 'Sunday', 5, '04:19 PM', 'Male/Female', 3, true, false, '6f8ae1c6-f716-4287-ab6f-ac5fe352a3bc', '5e10985e-14e3-4d6d-a204-8c2e7f333019', 'c6dc80aa-d747-452d-8f6b-665f25bd92e8', '8753cb72-d7e1-4813-9915-4bd78b3c41e8', '3736bb3f-0f7d-4398-a5ed-37196aec1d75', 'd92d3701-64f7-41e7-a692-ab13d0467335', 'c603b7be-d386-4ab2-8613-ad143c42ce75', '', '');
insert into PANEL (id, day_of_week, week_of_month, event_time, gender, number_needed, MARK_AS_MEMBERS_NEEDED, active, FACILITY_ID, BOARD_CHAMPION_ID, PANEL_COORDINATOR_ID, PANEL_LEADER_ID, PANEL_MEMBER_1_ID, PANEL_MEMBER_2_ID, PANEL_MEMBER_3_ID, PANEL_MEMBER_4_ID, PANEL_MEMBER_5_ID) values ('21856822-2891-4362-881b-07640d9618e8', 'Wednesday', 3, '09:52 AM', 'Male/Female', 3, true, false, 'abb6a63d-04d6-49cc-b557-29be264542f5', '5e10985e-14e3-4d6d-a204-8c2e7f333333', 'aaa816ff-32ee-447a-98a8-5ff09391e33d', '724efe35-ac79-4fcc-af53-bb30c1d8f1e5', 'c603b7be-d386-4ab2-8613-ad143c42ce75', '', 'd92d3701-64f7-41e7-a692-ab13d0467335', 'd05dded4-d9dc-42bd-a32c-1bd9f5181ec7', '45e75c2c-dcc7-4d7e-a496-3ed5bb779950');

--> FACILITY
insert into Facility (id, name, type, address, city, zip, state, PRIMARY_CONTACT_NAME, PRIMARY_CONTACT_PHONE, PRIMARY_CONTACT_EMAIL, ALTERNATE_CONTACT_NAME, ALTERNATE_CONTACT_PHONE, ALTERNATE_CONTACT_EMAIL, WEBSITE, ACTIVE) values ('6f8ae1c6-f716-4287-ab6f-ac5fe352a3bc', 'Wings Recovery', 'Treatment', '23424 Kensington Street', 'Spas-Klepiki', 92127, 'CA', 'Victor McWhan', '17604736713', 'nrizzini0@nytimes.com', 'Nissie Rizzini', '17604736713', 'nrizzini0@scientificamerican.com', 'https://scribd.com', true);
insert into Facility (id, name, type, address, city, zip, state, PRIMARY_CONTACT_NAME, PRIMARY_CONTACT_PHONE, PRIMARY_CONTACT_EMAIL, ALTERNATE_CONTACT_NAME, ALTERNATE_CONTACT_PHONE, ALTERNATE_CONTACT_EMAIL, WEBSITE, ACTIVE) values ('abb6a63d-04d6-49cc-b557-29be264542f5', 'First Step House', 'Correctional', '016 Stone Corner Parkway', 'Matam', 92127, 'CA', 'Vic Nobriga', '17604736713', 'rmabson1@yellowpages.com', 'Rosalyn Mabson', '17604736713', 'rmabson1@spiegel.de', 'http://angelfire.com', false);
insert into Facility (id, name, type, address, city, zip, state, PRIMARY_CONTACT_NAME, PRIMARY_CONTACT_PHONE, PRIMARY_CONTACT_EMAIL, ALTERNATE_CONTACT_NAME, ALTERNATE_CONTACT_PHONE, ALTERNATE_CONTACT_EMAIL, WEBSITE, ACTIVE) values ('8396790b-fe74-44e5-829a-1c7ead485ad0', 'West Coast Recovery', 'Treatment', '5709 Sloan Lane', 'Pesqueira', 92057, 'CA', 'Mead Mackleden', '17604736713', 'gtetlow2@about.com', 'Georgy Tetlow', '17604736713', 'gtetlow2@techcrunch.com', 'https://newsvine.com', true);
insert into Facility (id, name, type, address, city, zip, state, PRIMARY_CONTACT_NAME, PRIMARY_CONTACT_PHONE, PRIMARY_CONTACT_EMAIL, ALTERNATE_CONTACT_NAME, ALTERNATE_CONTACT_PHONE, ALTERNATE_CONTACT_EMAIL, WEBSITE, ACTIVE) values ('23cb42d2-86e1-440f-8d85-fabf1b95722b', 'Rescue Mission', 'Correctional', '727 Anzinger Court', 'Hicksville', 92056, 'CA', 'Edie Patkin', '17604736713', 'cgreenalf3@i2i.jp', 'Catharina Greenalf', '17604736713', 'cgreenalf3@latimes.com', 'http://1und1.de', true);
insert into Facility (id, name, type, address, city, zip, state, PRIMARY_CONTACT_NAME, PRIMARY_CONTACT_PHONE, PRIMARY_CONTACT_EMAIL, ALTERNATE_CONTACT_NAME, ALTERNATE_CONTACT_PHONE, ALTERNATE_CONTACT_EMAIL, WEBSITE, ACTIVE) values ('a26a43a6-6d9a-4a90-99cb-06953208cd3f', 'Brother Bennos', 'Treatment', '369 Thompson Street', 'Rokytnice nad Jizerou', 92056, 'CA', 'Kaia Lascelles', '17604736713', 'pnajara4@gnu.org', 'Philbert Najara', '17604736713', 'pnajara4@wix.com', 'http://blog.com', true);
insert into Facility (id, name, type, address, city, zip, state, PRIMARY_CONTACT_NAME, PRIMARY_CONTACT_PHONE, PRIMARY_CONTACT_EMAIL, ALTERNATE_CONTACT_NAME, ALTERNATE_CONTACT_PHONE, ALTERNATE_CONTACT_EMAIL, WEBSITE, ACTIVE) values ('bb9035ac-19d1-4c75-8949-9ab0306c74bf', 'Tri City', 'Treatment', '4526 Badeau Street', 'Licupis', 92056, 'CA', 'Ruperto Lorenzetti', '17604736713', 'acurtain5@qq.com', 'Amabel Curtain', '17604736713', 'acurtain5@wiley.com', 'https://youtu.be', true);

--> RESOURCE_ITEM: Announcement
insert into RESOURCE_ITEM (id, name, body, type, month_of_year, created_date) values ('ce3ec8b0-782f-4550-84eb-3d38ff707b82', '2024 Proposed Budget', 'curabitur convallis duis consequat dui nec nisi volutpat eleifend donec ut', 'Announcement', 'May', '11/03/2023');
insert into RESOURCE_ITEM (id, name, body, type, month_of_year, created_date) values ('8c2a192d-26d0-4cae-b960-69b8384e80dd', 'Green Can Is Back', 'montes nascetur ridiculus mus etiam vel augue vestibulum rutrum rutrum neque aenean auctor gravida sem', 'Announcement', 'June', '03/26/2024');
insert into RESOURCE_ITEM (id, name, body, type, month_of_year, created_date) values ('3be66f13-441a-46ad-a838-b52234da3402', '2023 Proposed Budget', 'eget eros elementum pellentesque quisque porta volutpat erat quisque erat eros viverra eget', 'Announcement', 'May', '12/27/2023');

--> RESOURCE_ITEM: Financial
insert into RESOURCE_ITEM (id, name, body, type, month_of_year, created_date) values ('25f49bd7-eedf-4875-b7d5-6fcb1ad9762e', 'January_Financial', 'in eleifend quam a odio in hac habitasse platea dictumst maecenas', 'Financial', 'January', '08/07/2023');
insert into ATTACHMENT (PARENT_RESOURCE_ID, file_name, content_type, content) values ('25f49bd7-eedf-4875-b7d5-6fcb1ad9762e', 'January_Financial', 'application/json', 'X/"');
insert into RESOURCE_ITEM (id, name, body, type, month_of_year, created_date) values ('abc841cf-b54a-4588-a8ce-0eb3842f87f1', 'February_Financial', 'nulla nisl nunc nisl duis bibendum felis sed interdum venenatis', 'Financial', 'February', '06/29/2023');
insert into ATTACHMENT (PARENT_RESOURCE_ID, file_name, content_type, content) values ('abc841cf-b54a-4588-a8ce-0eb3842f87f1', 'February_Financial', 'application/json', 'X/"');
insert into RESOURCE_ITEM (id, name, body, type, month_of_year, created_date) values ('f3be1e04-9f9d-4599-ab32-a6939f60d60f', 'March_Financial', 'semper interdum mauris ullamcorper purus sit amet nulla quisque arcu libero rutrum ac lobortis vel', 'Financial', 'March', '04/07/2024');
insert into ATTACHMENT (PARENT_RESOURCE_ID, file_name, content_type, content) values ('f3be1e04-9f9d-4599-ab32-a6939f60d60f', 'March_Financial', 'application/json', 'X/"');
insert into RESOURCE_ITEM (id, name, body, type, month_of_year, created_date) values ('6bddcb18-b32b-40d5-a80a-f051e6270f6e', 'April_Financial', 'vestibulum ante ipsum primis in faucibus orci luctus et ultrices posuere', 'Financial', 'April', '07/11/2023');
insert into ATTACHMENT (PARENT_RESOURCE_ID, file_name, content_type, content) values ('6bddcb18-b32b-40d5-a80a-f051e6270f6e', 'April_Financial', 'application/json', 'X/"');
insert into RESOURCE_ITEM (id, name, body, type, month_of_year, created_date) values ('ef50e003-ea0d-4136-9db2-73d250355ead', 'May_Financial', 'lacus at turpis donec posuere metus vitae ipsum aliquam non mauris', 'Financial', 'May', '12/23/2023');
insert into ATTACHMENT (PARENT_RESOURCE_ID, file_name, content_type, content) values ('ef50e003-ea0d-4136-9db2-73d250355ead', 'May_Financial', 'application/json', 'X/"');
insert into RESOURCE_ITEM (id, name, body, type, month_of_year, created_date) values ('57186d44-5602-4d0e-b929-a53f0400c6f2', 'June_Financial', 'praesent id massa id nisl venenatis lacinia aenean sit amet justo morbi ut odio', 'Financial', 'June', '06/19/2023');
insert into ATTACHMENT (PARENT_RESOURCE_ID, file_name, content_type, content) values ('57186d44-5602-4d0e-b929-a53f0400c6f2', 'June_Financial', 'application/json', 'X/"');
insert into RESOURCE_ITEM (id, name, body, type, month_of_year, created_date) values ('b549952e-abc5-4640-a0b9-adf6c820815a', 'July_Financial', 'accumsan tortor quis turpis sed ante vivamus tortor duis mattis egestas', 'Financial', 'July', '12/18/2023');
insert into ATTACHMENT (PARENT_RESOURCE_ID, file_name, content_type, content) values ('b549952e-abc5-4640-a0b9-adf6c820815a', 'July_Financial', 'application/json', 'X/"');
insert into RESOURCE_ITEM (id, name, body, type, month_of_year, created_date) values ('fb0b7d3d-9a34-4b8e-a228-544676dbefde', 'August_Financial', 'in imperdiet et commodo vulputate justo in blandit ultrices enim lorem ipsum dolor sit', 'Financial', 'August', '11/24/2023');
insert into ATTACHMENT (PARENT_RESOURCE_ID, file_name, content_type, content) values ('fb0b7d3d-9a34-4b8e-a228-544676dbefde', 'August_Financial', 'application/json', 'X/"');
insert into RESOURCE_ITEM (id, name, body, type, month_of_year, created_date) values ('a539689a-39c3-45db-98da-08db08f8f498', 'September_Financial', 'felis donec semper sapien a libero nam dui proin leo', 'Financial', 'September', '07/17/2023');
insert into ATTACHMENT (PARENT_RESOURCE_ID, file_name, content_type, content) values ('a539689a-39c3-45db-98da-08db08f8f498', 'September_Financial', 'application/json', 'X/"');
insert into RESOURCE_ITEM (id, name, body, type, month_of_year, created_date) values ('ab182041-b77d-4f68-a5c9-df45071c3a7d', 'October_Financial', 'eget nunc donec quis orci eget orci vehicula condimentum curabitur in', 'Financial', 'October', '02/16/2024');
insert into ATTACHMENT (PARENT_RESOURCE_ID, file_name, content_type, content) values ('ab182041-b77d-4f68-a5c9-df45071c3a7d', 'October_Financial', 'application/json', 'X/"');
insert into RESOURCE_ITEM (id, name, body, type, month_of_year, created_date) values ('f8a6bcea-7f7c-49d7-ba81-c106752e2dc7', 'November_Financial', 'sed augue aliquam erat volutpat in congue etiam justo etiam pretium iaculis justo in hac', 'Financial', 'November', '08/26/2023');
insert into ATTACHMENT (PARENT_RESOURCE_ID, file_name, content_type, content) values ('f8a6bcea-7f7c-49d7-ba81-c106752e2dc7', 'November_Financial', 'application/json', 'X/"');
insert into RESOURCE_ITEM (id, name, body, type, month_of_year, created_date) values ('b410ef77-a60d-450e-89c0-9d4b6c66aba6', 'December_Financial', 'faucibus orci luctus et ultrices posuere cubilia curae mauris viverra diam vitae quam suspendisse', 'Financial', 'December', '02/07/2024');
insert into ATTACHMENT (PARENT_RESOURCE_ID, file_name, content_type, content) values ('b410ef77-a60d-450e-89c0-9d4b6c66aba6', 'December_Financial', 'application/json', 'X/"');

--> RESOURCE_ITEM: Minutes
insert into RESOURCE_ITEM (id, name, body, type, month_of_year, created_date) values ('fddaad3c-672f-48dd-a49f-8c223d76a931', 'February_Minutes', 'duis aliquam convallis nunc proin at turpis a pede posuere nonummy', 'Minutes', 'February', '12/24/2023');
insert into ATTACHMENT (PARENT_RESOURCE_ID, file_name, content_type, content) values ('fddaad3c-672f-48dd-a49f-8c223d76a931', 'February_Minutes', 'application/json', 'X/"');
insert into RESOURCE_ITEM (id, name, body, type, month_of_year, created_date) values ('e86aec38-f529-4bed-8488-d5388cf59763', 'March_Minutes', 'elementum in hac habitasse platea dictumst morbi vestibulum velit id pretium iaculis diam erat fermentum', 'Minutes', 'March', '07/31/2023');
insert into ATTACHMENT (PARENT_RESOURCE_ID, file_name, content_type, content) values ('e86aec38-f529-4bed-8488-d5388cf59763', 'March_Minutes', 'application/json', 'X/"');
insert into RESOURCE_ITEM (id, name, body, type, month_of_year, created_date) values ('9367e32b-da31-465d-8001-64b4ab1bd9c1', 'April_Minutes', 'lacus morbi sem mauris laoreet ut rhoncus aliquet pulvinar sed nisl nunc rhoncus dui vel', 'Minutes', 'April', '09/29/2023');
insert into ATTACHMENT (PARENT_RESOURCE_ID, file_name, content_type, content) values ('9367e32b-da31-465d-8001-64b4ab1bd9c1', 'April_Minutes', 'application/json', 'X/"');
insert into RESOURCE_ITEM (id, name, body, type, month_of_year, created_date) values ('d2afece3-ba17-45de-9729-e93e3a8e5459', 'May_Minutes', 'lorem id ligula suspendisse ornare consequat lectus in est risus auctor sed tristique in tempus', 'Minutes', 'May', '08/11/2023');
insert into ATTACHMENT (PARENT_RESOURCE_ID, file_name, content_type, content) values ('d2afece3-ba17-45de-9729-e93e3a8e5459', 'May_Minutes', 'application/json', 'X/"');
insert into RESOURCE_ITEM (id, name, body, type, month_of_year, created_date) values ('13df3ec5-4c55-4f0b-a362-3e5dbcebefbf', 'June_Minutes', 'lectus aliquam sit amet diam in magna bibendum imperdiet nullam', 'Minutes', 'June', '03/06/2024');
insert into ATTACHMENT (PARENT_RESOURCE_ID, file_name, content_type, content) values ('13df3ec5-4c55-4f0b-a362-3e5dbcebefbf', 'June_Minutes', 'application/json', 'X/"');
insert into RESOURCE_ITEM (id, name, body, type, month_of_year, created_date) values ('b2535b4b-1ee8-4ebe-a523-f0a200de47e2', 'July_Minutes', 'iaculis diam erat fermentum justo nec condimentum neque sapien placerat ante nulla justo aliquam quis', 'Minutes', 'July', '05/07/2023');
insert into ATTACHMENT (PARENT_RESOURCE_ID, file_name, content_type, content) values ('b2535b4b-1ee8-4ebe-a523-f0a200de47e2', 'July_Minutes', 'application/json', 'X/"');
insert into RESOURCE_ITEM (id, name, body, type, month_of_year, created_date) values ('68f9ca56-8f31-42d5-835b-b3571fe49aac', 'August_Minutes', 'odio cras mi pede malesuada in imperdiet et commodo vulputate justo in blandit ultrices', 'Minutes', 'August', '06/13/2023');
insert into ATTACHMENT (PARENT_RESOURCE_ID, file_name, content_type, content) values ('68f9ca56-8f31-42d5-835b-b3571fe49aac', 'August_Minutes', 'application/json', 'X/"');
insert into RESOURCE_ITEM (id, name, body, type, month_of_year, created_date) values ('bf76bd2c-b30d-4ab5-a2c9-7ded73ea6195', 'September_Minutes', 'at nibh in hac habitasse platea dictumst aliquam augue quam sollicitudin vitae consectetuer eget rutrum', 'Minutes', 'September', '01/26/2024');
insert into ATTACHMENT (PARENT_RESOURCE_ID, file_name, content_type, content) values ('bf76bd2c-b30d-4ab5-a2c9-7ded73ea6195', 'September_Minutes', 'application/json', 'X/"');
insert into RESOURCE_ITEM (id, name, body, type, month_of_year, created_date) values ('eca1bda1-f7ed-4db3-b24c-760abfd75c82', 'October_Minutes', 'metus sapien ut nunc vestibulum ante ipsum primis in faucibus orci luctus et', 'Minutes', 'October', '02/16/2024');
insert into ATTACHMENT (PARENT_RESOURCE_ID, file_name, content_type, content) values ('eca1bda1-f7ed-4db3-b24c-760abfd75c82', 'October_Minutes', 'application/json', 'X/"');
insert into RESOURCE_ITEM (id, name, body, type, month_of_year, created_date) values ('398aef5c-9fda-416b-b07e-7af63f498869', 'November_Minutes', 'ultrices posuere cubilia curae nulla dapibus dolor vel est donec odio justo sollicitudin', 'Minutes', 'November', '07/14/2023');
insert into ATTACHMENT (PARENT_RESOURCE_ID, file_name, content_type, content) values ('398aef5c-9fda-416b-b07e-7af63f498869', 'November_Minutes', 'application/json', 'X/"');

--> RESOURCE_ITEM: Panel Materials
insert into RESOURCE_ITEM (id, name, body, type, month_of_year, created_date) values ('deb74bc3-9b23-45bb-8387-b1bb6e09bf40', 'A Vision For You', 'sem duis aliquam convallis nunc proin at turpis a pede posuere nonummy integer non velit', 'Panel Material', 'December', '11/15/2023');
insert into ATTACHMENT (PARENT_RESOURCE_ID, file_name, content_type, content) values ('deb74bc3-9b23-45bb-8387-b1bb6e09bf40', 'A Vision For You', 'application/json', 'X/"');
insert into RESOURCE_ITEM (id, name, body, type, month_of_year, created_date) values ('b4ba1e46-321b-46b8-a9bd-d7133d26b4c9', 'Coordinator''s Panel Report', 'purus aliquet at feugiat non pretium quis lectus suspendisse potenti in eleifend quam a odio', 'Panel Material', 'December', '06/11/2023');
insert into ATTACHMENT (PARENT_RESOURCE_ID, file_name, content_type, content) values ('b4ba1e46-321b-46b8-a9bd-d7133d26b4c9', 'Coordinator''s Panel Report', 'application/json', 'X/"');
insert into RESOURCE_ITEM (id, name, body, type, month_of_year, created_date) values ('59f25f5b-03d0-43a8-8b85-1aeac1402e1f', 'How It Works', 'vehicula condimentum curabitur in libero ut massa volutpat convallis morbi odio', 'Panel Material', 'December', '12/21/2023');
insert into ATTACHMENT (PARENT_RESOURCE_ID, file_name, content_type, content) values ('59f25f5b-03d0-43a8-8b85-1aeac1402e1f', 'How It Works', 'application/json', 'X/"');
insert into RESOURCE_ITEM (id, name, body, type, month_of_year, created_date) values ('a087b362-46b6-476c-b2b3-4c65ae512345', 'Meeting Guide Instructions', 'ut at dolor quis odio consequat varius integer ac leo pellentesque ultrices mattis', 'Panel Material', 'December', '02/12/2024');
insert into ATTACHMENT (PARENT_RESOURCE_ID, file_name, content_type, content) values ('a087b362-46b6-476c-b2b3-4c65ae512345', 'Meeting Guide Instructions', 'application/json', 'X/"');
insert into RESOURCE_ITEM (id, name, body, type, month_of_year, created_date) values ('9bf74a2a-95c8-41ce-8c6d-26161791ed70', 'More About Alcoholism', 'primis in faucibus orci luctus et ultrices posuere cubilia curae nulla dapibus dolor vel est', 'Panel Material', 'December', '06/14/2023');
insert into ATTACHMENT (PARENT_RESOURCE_ID, file_name, content_type, content) values ('9bf74a2a-95c8-41ce-8c6d-26161791ed70', 'More About Alcoholism', 'application/json', 'X/"');
insert into RESOURCE_ITEM (id, name, body, type, month_of_year, created_date) values ('d80de880-2eb1-4c14-93c4-301bb0bb716e', 'Suggested Meeting Format', 'turpis a pede posuere nonummy integer non velit donec diam neque vestibulum eget', 'Panel Material', 'December', '07/01/2023');
insert into ATTACHMENT (PARENT_RESOURCE_ID, file_name, content_type, content) values ('d80de880-2eb1-4c14-93c4-301bb0bb716e', 'Suggested Meeting Format', 'application/json', 'X/"');
insert into RESOURCE_ITEM (id, name, body, type, month_of_year, created_date) values ('b02556f5-e952-4b55-8089-521358969fb5', 'Twelve Traditions', 'morbi vel lectus in quam fringilla rhoncus mauris enim leo', 'Panel Material', 'December', '09/22/2023');
insert into ATTACHMENT (PARENT_RESOURCE_ID, file_name, content_type, content) values ('b02556f5-e952-4b55-8089-521358969fb5', 'Twelve Traditions', 'application/json', 'X/"');


--> RESOURCE_ITEM: General Resources
insert into RESOURCE_ITEM (id, name, body, type, month_of_year, created_date) values ('1c9556b6-9d8c-4642-b056-ecec7f8cc9fa', 'Business Cards 10-page', 'et ultrices posuere cubilia curae duis faucibus accumsan odio curabitur', 'General Resource', 'December', '05/09/2023');
insert into ATTACHMENT (PARENT_RESOURCE_ID, file_name, content_type, content) values ('1c9556b6-9d8c-4642-b056-ecec7f8cc9fa', 'Business Cards 10-page', 'application/json', 'X/"');
insert into RESOURCE_ITEM (id, name, body, type, month_of_year, created_date) values ('4d6cc422-7635-4e7c-bd50-a7e72379d24f', 'Green Can Description', 'cubilia curae mauris viverra diam vitae quam suspendisse potenti nullam porttitor lacus at', 'General Resource', 'December', '07/12/2023');
insert into ATTACHMENT (PARENT_RESOURCE_ID, file_name, content_type, content) values ('4d6cc422-7635-4e7c-bd50-a7e72379d24f', 'Green Can Description', 'application/json', 'X/"');
insert into RESOURCE_ITEM (id, name, body, type, month_of_year, created_date) values ('53502d64-24d0-41a0-89be-01a931a79cf5', 'Green Can Label', 'odio odio elementum eu interdum eu tincidunt in leo maecenas pulvinar lobortis est', 'General Resource', 'December', '08/29/2023');
insert into ATTACHMENT (PARENT_RESOURCE_ID, file_name, content_type, content) values ('53502d64-24d0-41a0-89be-01a931a79cf5', 'Green Can Label', 'application/json', 'X/"');
insert into RESOURCE_ITEM (id, name, body, type, month_of_year, created_date) values ('6aa63f61-df7e-45f6-b017-da80e23477af', 'H&I Informational Brochure', 'dapibus nulla suscipit ligula in lacus curabitur at ipsum ac tellus semper interdum mauris ullamcorper', 'General Resource', 'December', '06/05/2023');
insert into ATTACHMENT (PARENT_RESOURCE_ID, file_name, content_type, content) values ('6aa63f61-df7e-45f6-b017-da80e23477af', 'H&I Informational Brochure', 'application/json', 'X/"');
insert into RESOURCE_ITEM (id, name, body, type, month_of_year, created_date) values ('7f9db8a5-3792-4b63-b784-c8f8272ae700', 'H&I Sign Up Sheet', 'id ligula suspendisse ornare consequat lectus in est risus auctor sed tristique in', 'General Resource', 'December', '03/13/2024');
insert into ATTACHMENT (PARENT_RESOURCE_ID, file_name, content_type, content) values ('7f9db8a5-3792-4b63-b784-c8f8272ae700', 'H&I Sign Up Sheet', 'application/json', 'X/"');
insert into RESOURCE_ITEM (id, name, body, type, month_of_year, created_date) values ('f88e6532-cb2d-4308-b6f2-0ec42b856b24', 'History of NCHandI', 'adipiscing lorem vitae mattis nibh ligula nec sem duis aliquam', 'General Resource', 'December', '12/18/2023');
insert into ATTACHMENT (PARENT_RESOURCE_ID, file_name, content_type, content) values ('f88e6532-cb2d-4308-b6f2-0ec42b856b24', 'History of NCHandI', 'application/json', 'X/"');
insert into RESOURCE_ITEM (id, name, body, type, month_of_year, created_date) values ('680c395c-6054-43f1-aa45-7e451614c659', 'North County H&I Policies and Guidelines', 'eu sapien cursus vestibulum proin eu mi nulla ac enim in tempor turpis nec', 'General Resource', 'December', '05/04/2023');
insert into ATTACHMENT (PARENT_RESOURCE_ID, file_name, content_type, content) values ('680c395c-6054-43f1-aa45-7e451614c659', 'North County H&I Policies and Guidelines', 'application/json', 'X/"');
insert into RESOURCE_ITEM (id, name, body, type, month_of_year, created_date) values ('8e36bf6c-567c-4b9a-86ce-76c2752cf3dc', 'Orientation Checklist', 'risus auctor sed tristique in tempus sit amet sem fusce consequat', 'General Resource', 'December', '06/24/2023');
insert into ATTACHMENT (PARENT_RESOURCE_ID, file_name, content_type, content) values ('8e36bf6c-567c-4b9a-86ce-76c2752cf3dc', 'Orientation Checklist', 'application/json', 'X/"');
insert into RESOURCE_ITEM (id, name, body, type, month_of_year, created_date) values ('55fe6ab6-a327-4317-a55c-89546fc95d01', 'Summer Service Fair Flyer', 'sagittis sapien cum sociis natoque penatibus et magnis dis parturient montes nascetur ridiculus mus etiam', 'General Resource', 'December', '07/25/2023');
insert into ATTACHMENT (PARENT_RESOURCE_ID, file_name, content_type, content) values ('55fe6ab6-a327-4317-a55c-89546fc95d01', 'Summer Service Fair Flyer', 'application/json', 'X/"');
insert into RESOURCE_ITEM (id, name, body, type, month_of_year, created_date) values ('c6c01346-2afb-4050-8070-4862f748e251', 'Virtual Panel Flyer', 'mauris eget massa tempor convallis nulla neque libero convallis eget eleifend', 'General Resource', 'December', '01/04/2024');
insert into ATTACHMENT (PARENT_RESOURCE_ID, file_name, content_type, content) values ('c6c01346-2afb-4050-8070-4862f748e251', 'Virtual Panel Flyer', 'application/json', 'X/"');

--> RESOURCE_ITEM: Archived Reports
insert into RESOURCE_ITEM (id, name, body, type, month_of_year, created_date) values ('cac884db-3ae1-4a07-833f-1c2e03215277', '2024 Proposed Budget', 'potenti cras in purus eu magna vulputate luctus cum sociis natoque', 'Archived Report', 'December', '07/06/2023');
insert into ATTACHMENT (PARENT_RESOURCE_ID, file_name, content_type, content) values ('cac884db-3ae1-4a07-833f-1c2e03215277', '2024 Proposed Budget', 'application/json', 'X/"');
insert into RESOURCE_ITEM (id, name, body, type, month_of_year, created_date) values ('cac884db-3ae1-4a07-833f-1c2e03215111', '2023 Proposed Budget', 'potenti cras in purus eu magna vulputate luctus cum sociis natoque', 'Archived Report', 'December', '07/06/2023');
insert into ATTACHMENT (PARENT_RESOURCE_ID, file_name, content_type, content) values ('cac884db-3ae1-4a07-833f-1c2e03215111', '2023 Proposed Budget', 'application/json', 'X/"');
insert into RESOURCE_ITEM (id, name, body, type, month_of_year, created_date) values ('cac884db-3ae1-4a07-833f-1c2e03215113', 'NonProfit Articles', 'potenti cras in purus eu magna vulputate luctus cum sociis natoque', 'Archived Report', 'December', '07/06/2023');
insert into ATTACHMENT (PARENT_RESOURCE_ID, file_name, content_type, content) values ('cac884db-3ae1-4a07-833f-1c2e03215113', 'NonProfit Articles', 'application/json', 'X/"');
insert into RESOURCE_ITEM (id, name, body, type, month_of_year, created_date) values ('cac884db-3ae1-4a07-833f-1c2e03215114', 'Summer Service Fair Budget', 'potenti cras in purus eu magna vulputate luctus cum sociis natoque', 'Archived Report', 'December', '07/06/2023');
insert into ATTACHMENT (PARENT_RESOURCE_ID, file_name, content_type, content) values ('cac884db-3ae1-4a07-833f-1c2e03215114', 'Summer Service Fair Budget', 'application/json', 'X/"');
insert into RESOURCE_ITEM (id, name, body, type, month_of_year, created_date) values ('cac884db-3ae1-4a07-833f-1c2e03215115', 'CoChair Duties', 'potenti cras in purus eu magna vulputate luctus cum sociis natoque', 'Archived Report', 'December', '07/06/2023');
insert into ATTACHMENT (PARENT_RESOURCE_ID, file_name, content_type, content) values ('cac884db-3ae1-4a07-833f-1c2e03215115', 'CoChair Duties', 'application/json', 'X/"');

--> Remove name input on the three pages. You can just use html to pull of the file name from the upload and strip off the file extension. You can than add this to the formik.values.name field. e.target.files.name